0,1,2,3,4,5,6,7,8,9,10,11,12,13,14,15,16,17,18,19,20,21,22,23,24,25,26,27,28,29,30,31,32,33,34,35,36,37,38,39,40,41,42,43,44,45,46,47,48,49,50,51,52,53,54,55,56,57,58,59,60,61,62,63,64,65,66,67,68,69,70,71,72,73,74,75,76,77,78,79,80,81,82,83,84,85,86,87,88,89,90,91,92,93,94,95,96,97,98,99,100,101,102,103,104,105,106,107,108,109,110,111,112,113,114,115,116,117,118,119,120,121,122,123
0,2.825,2.475,1.15,0.975,1.75,1.225,1.35,0.775,0.35,1.075,0.975,0.225,0.2,0.275,0.275,0.525,0.15,0.15,0.575,0,0.275,0.5,0.5,0.6,0.45,0.425,0.45,0.425,0.5,0.45,0.5,0.4,0.75,0.55,0.575,0.425,0.5,0.45,0.3,0.825,0.475,0.475,0.575,1.25,0.975,0.475,0.6,0.6,0.725,0.65,0.55,1.925,1.4,2.325,2.2,1.725,1.775,1.75,0.975,0.975,0.85,0.9,2.175,2.875,2.65,1.425,1.775,2.65,2.5,2.475,4.175,5.025,3.025,2.925,3.125,2.75,2.625,3.075,3,3.125,2.75,2.375,3.275,2.875,2.875,2.8,2.775,2.8,2.85,2.7,2.8,2.8,2.775,2.075,2.35,3.1,3.025,3.075,3.1,3.275,3.175,3.925,3.325,3.7,3.825,3.6,3.65,4.1,4.3,4.275,4.15,4.15,4.725,4.5,4.425,4.5,4.775,4.4,4.425,4.675,4.7,4.65,4.65
2.825,0,0.475,1.7,2.05,1.75,1.85,1.725,2.1,2.6,2.075,2.05,2.725,2.775,2.9,2.975,2.65,2.825,2.75,2.525,2.825,2.7,2.825,3.05,3.175,2.575,2.625,2.575,2.6,2.575,2.55,2.6,2.675,2.5,2.5,2.45,2.55,2.525,2.575,2.75,2.925,2.55,2.625,2.525,3.35,3.075,2.425,2.35,2.325,2.475,2.275,2.425,3.125,2.65,2.725,3.275,2.475,2.525,2.325,3.175,3.425,3.4,3.525,1.525,3,2.675,4.05,4.4,4.625,5.125,5.075,6.4,4.775,1.375,1.3,1.1,1.3,1.425,1.4,1.425,1.475,0.725,1.125,1.15,0.95,0.85,1.15,1.125,1.15,1.2,1.15,1.125,1.15,1.125,2.125,1.65,2.375,2.475,2.375,1.775,1.675,1.55,2.3,1.7,2.1,2.2,2,2,2.5,2.65,2.625,2.55,2.55,3.125,2.9,2.8,2.9,3.15,2.75,2.825,3.075,3.075,3.025,3.05
2.475,0.475,0,2.025,1.7,1.375,1.5,1.375,1.75,2.25,1.725,1.7,2.375,2.425,2.55,2.625,2.3,2.475,2.4,2.175,2.475,2.35,2.475,2.7,2.825,2.225,2.25,2.225,2.225,2.225,2.2,2.25,2.325,2.15,2.15,2.1,2.2,2.15,2.225,2.4,2.575,2.2,2.275,2.175,3,2.725,2.075,2,1.975,2.125,1.925,2.05,2.75,2.3,2.25,2.9,2.125,2.175,1.975,2.825,3.075,3.05,3.175,1.975,3.45,3.15,3.7,4.05,4.925,4.75,4.725,6.425,5.25,0.9,0.85,0.625,0.85,0.975,0.95,0.95,1,0.25,0.675,0.75,0.475,0.375,0.7,0.65,0.7,0.725,0.7,0.675,0.7,0.675,1.775,1.2,1.9,2.025,1.9,1.3,1.2,1.1,1.85,1.25,1.625,1.75,1.525,1.525,2.025,2.175,2.15,2.075,2.075,2.65,2.425,2.35,2.425,2.7,2.275,2.35,2.6,2.625,2.575,2.575
1.15,1.7,2.025,0,0.425,1.125,1.025,0.625,1.075,0.85,0.9,0.95,1.2,0.975,1.075,1.15,0.825,1.25,0.925,0.7,1.15,1.175,1.525,1.525,1.65,1.3,1.475,1.325,1.45,1.3,1.175,1.325,1.425,1.225,1.125,1.175,1.05,1.125,1.475,1.325,1.65,1.3,1.35,1.25,2.075,1.775,0.925,1.05,1.05,1.175,1.1,1,2.35,1.75,2.3,2.5,1.725,1.775,1.575,0.825,1.05,1,1.125,0.975,2.725,2.6,2.225,2.575,3.45,3.3,3.25,4.95,4.7,2.525,2.425,2.625,2.25,2.125,2.575,2.5,2.625,2.25,1.875,2.775,2.375,2.375,2.3,2.275,2.325,2.35,2.2,2.3,2.3,2.275,1.525,1.85,2.525,2.625,2.525,2.55,2.775,2.675,3.425,2.825,3.2,3.325,3.1,3.15,3.6,3.8,3.775,3.65,3.65,4.225,4.025,3.925,4.025,4.275,3.9,3.925,4.175,4.2,4.15,4.15
0.975,2.05,1.7,0.425,0,0.8,0.45,0.275,0.5,0.875,0.325,0.375,1.05,0.8,0.9,1,0.675,1.1,0.775,0.525,0.975,1.025,1.35,1.35,1.475,1.1,1.15,1.125,1.125,1.125,1.1,1.125,1.2,1.025,1.05,0.975,0.9,1.05,1.1,1.175,1.45,1.1,1.15,1.05,1.9,1.6,0.95,0.9,0.875,1,0.75,0.575,2.075,1.175,2,2.2,1.5,1.55,1.275,1.2,1.45,1.4,1.525,1.475,3.45,3.225,2.05,2.4,3.275,3.125,3.075,4.775,5.6,2.225,2.1,2.325,1.95,1.8,2.25,2.175,2.325,1.95,1.55,2.475,2.075,2.075,1.975,1.95,2,2.05,1.875,1.975,2,1.95,1.2,1.525,2.2,2.3,2.2,2.225,2.475,2.35,3.1,2.5,2.9,3,2.8,2.85,3.3,3.475,3.475,3.35,3.35,3.925,3.7,3.6,3.7,3.95,3.6,3.625,3.875,3.875,3.825,3.85
1.75,1.75,1.375,1.125,0.8,0,0.65,0.5,0.95,1.45,0.875,0.875,1.575,1.575,1.675,1.75,1.425,1.65,1.525,1.3,1.75,1.55,1.65,1.9,2,1.4,1.45,1.425,1.425,1.4,1.4,1.425,1.5,1.325,1.35,1.275,1.4,1.35,1.4,1.6,1.75,1.4,1.45,1.35,2.025,1.9,1.25,1.175,1.175,1.3,1.1,1.25,1.525,1.175,1.15,1.675,0.875,0.925,0.725,1.95,2.2,2.175,2.3,2.15,4.2,3.975,2.825,3.175,4.05,3.9,3.85,5.55,6.35,1.95,1.85,2.05,1.675,1.375,1.975,1.925,2.05,1.675,1.275,2.2,1.8,1.8,1.725,1.7,1.725,1.775,1.625,1.7,1.725,1.7,0.45,0.875,1.45,1.575,1.45,1.5,2.2,2.075,2.825,2.25,2.5,2.625,2.575,2.575,2.9,3.225,3.2,3.1,3.1,3.65,3.45,3.325,3.325,3.575,3.325,3.375,3.475,3.5,3.575,3.575
1.225,1.85,1.5,1.025,0.45,0.65,0,0.375,0.3,0.825,0.25,0.175,0.95,1.025,1.125,1.225,0.9,1.05,1,0.75,1.225,0.925,1.05,1.275,1.4,0.8,0.85,0.8,0.8,0.8,0.775,0.825,0.9,0.725,0.725,0.675,0.775,0.725,0.8,0.975,1.15,0.775,0.85,0.75,1.575,1.3,0.65,0.575,0.55,0.7,0.475,0.625,1.8,0.9,1.825,2.025,1.225,1.275,0.875,1.425,1.675,1.625,1.75,1.85,3.675,3.45,2.275,2.625,3.5,3.35,3.325,5.025,5.825,2.025,1.925,2.125,1.75,1.6,2.05,2,2.125,1.75,1.35,2.275,1.875,1.875,1.8,1.775,1.8,1.85,1.7,1.775,1.8,1.775,1.05,1.325,2.05,2.175,2.05,2.1,2.275,2.15,2.9,2.325,2.7,2.8,2.6,2.65,3.1,3.3,3.275,3.15,3.15,3.725,3.5,3.4,3.5,3.775,3.4,3.425,3.675,3.675,3.625,3.65
1.35,1.725,1.375,0.625,0.275,0.5,0.375,0,0.625,1.25,0.475,0.525,1.4,1.175,1.275,1.35,1.025,1.45,1.125,0.9,1.35,1.375,1.5,1.725,1.825,1.25,1.3,1.25,1.275,1.25,1.225,1.275,1.35,1.175,1.175,1.125,1.25,1.2,1.25,1.425,1.6,1.225,1.3,1.2,2.025,1.75,1.1,1.025,1.025,1.15,0.9,0.8,1.75,1.325,1.7,1.9,1.1,1.15,0.975,1.55,1.8,1.775,1.9,1.65,3.8,3.575,2.425,2.775,3.65,3.475,3.45,5.15,5.95,1.925,1.825,2.025,1.65,1.5,1.95,1.9,2.025,1.65,1.25,2.175,1.775,1.775,1.7,1.675,1.7,1.75,1.6,1.675,1.7,1.675,0.9,1.225,1.9,2.025,1.9,1.95,2.175,2.05,2.8,2.225,2.6,2.7,2.5,2.55,3,3.2,3.175,3.05,3.05,3.625,3.4,3.3,3.4,3.675,3.3,3.325,3.575,3.575,3.525,3.55
0.775,2.1,1.75,1.075,0.5,0.95,0.3,0.625,0,0.55,0.15,0.2,0.675,0.725,1.25,1.325,1,0.775,1.1,0.875,0.775,0.65,0.825,1,1.125,0.575,0.625,0.6,0.6,0.6,0.575,0.6,0.675,0.45,0.525,0.45,0.575,0.525,0.575,0.775,0.875,0.575,0.625,0.525,1.3,1.025,0.375,0.375,0.35,0.425,0.275,0.275,1.925,1.05,1.95,2.15,1.35,1.4,1.025,1.525,1.775,1.75,1.875,1.975,3.775,3.55,2.15,2.525,3.375,3.225,3.2,4.9,5.925,2.3,2.175,2.375,2,1.875,2.325,2.25,2.4,2.025,1.625,2.55,2.15,2.15,2.05,2.025,2.075,2.125,1.95,2.05,2.075,2.025,1.325,1.6,2.325,2.425,2.325,2.35,2.55,2.425,3.175,2.575,2.95,3.075,2.875,2.925,3.375,3.55,3.55,3.425,3.425,4,3.775,3.675,3.775,4.025,3.675,3.7,3.95,3.95,3.9,3.925
0.35,2.6,2.25,0.85,0.875,1.45,0.825,1.25,0.55,0,0.6,0.75,0.25,0.15,0.5,0.6,0.35,0.35,0.375,0.325,0.35,0.25,0.575,0.575,0.7,0.55,0.525,0.55,0.525,0.6,0.525,0.6,0.475,0.5,0.525,0.45,0.35,0.425,0.55,0.375,0.925,0.575,0.55,0.525,1.35,1.075,0.2,0.325,0.325,0.475,0.375,0.275,1.85,1.15,2.05,2.25,1.45,1.5,1.475,0.8,1.05,1.025,1.125,1.875,3.05,2.825,1.65,2.025,2.875,2.725,2.7,4.4,5.2,2.775,2.65,2.875,2.475,2.35,2.8,2.725,2.875,2.5,2.1,3.025,2.625,2.625,2.525,2.5,2.55,2.6,2.425,2.525,2.55,2.5,1.8,2.075,2.825,2.75,2.8,2.825,3.025,2.9,3.65,3.05,3.425,3.55,3.35,3.4,3.85,4.025,4.025,3.9,3.9,4.475,4.25,4.15,4.25,4.5,4.15,4.175,4.425,4.425,4.375,4.4
1.075,2.075,1.725,0.9,0.325,0.875,0.25,0.475,0.15,0.6,0,0.075,0.75,0.9,1,1.1,0.775,0.825,0.875,0.625,1.075,0.725,0.975,1.075,1.175,0.75,0.775,0.75,0.75,0.75,0.725,0.75,0.825,0.675,0.675,0.6,0.65,0.675,0.725,0.7,1.1,0.725,0.775,0.675,1.525,1.225,0.425,0.425,0.5,0.625,0.425,0.325,1.875,0.975,1.9,2.1,1.3,1.35,0.95,1.3,1.55,1.5,1.625,1.725,3.55,3.325,2.15,2.5,3.375,3.225,3.2,4.9,5.7,2.25,2.15,2.35,1.975,1.85,2.3,2.225,2.35,2,1.6,2.5,2.1,2.125,2.025,2,2.05,2.075,1.925,2.025,2.025,2,1.275,1.575,2.275,2.375,2.275,2.3,2.5,2.4,3.15,2.55,2.925,3.05,2.825,2.875,3.325,3.525,3.5,3.4,3.375,3.95,3.75,3.65,3.75,4,3.625,3.675,3.925,3.925,3.875,3.875
0.975,2.05,1.7,0.95,0.375,0.875,0.175,0.525,0.2,0.75,0.075,0,0.9,1,1.1,1.175,0.85,0.975,0.95,0.725,0.975,0.875,0.975,1.2,1.325,0.725,0.775,0.75,0.75,0.725,0.725,0.75,0.825,0.65,0.675,0.6,0.725,0.675,0.725,0.925,1.075,0.725,0.775,0.675,1.5,1.225,0.575,0.5,0.5,0.625,0.4,0.375,1.8,0.925,1.825,2.025,1.225,1.275,0.9,1.375,1.625,1.6,1.725,1.825,3.625,3.4,2.25,2.6,3.475,3.3,3.275,4.975,5.775,2.2,2.075,2.3,1.9,1.775,2.225,2.15,2.3,1.925,1.525,2.45,2.05,2.05,1.95,1.925,1.975,2.025,1.85,1.95,1.975,1.925,1.225,1.5,2.225,2.325,2.225,2.25,2.45,2.325,3.075,2.475,2.85,2.975,2.775,2.825,3.275,3.45,3.45,3.325,3.325,3.9,3.675,3.575,3.675,3.925,3.575,3.6,3.85,3.85,3.8,3.825
0.225,2.725,2.375,1.2,1.05,1.575,0.95,1.4,0.675,0.25,0.75,0.9,0,0.225,0.45,0.45,0.525,0.125,0.375,0.625,0.225,0.1,0.25,0.375,0.5,0.3,0.3,0.3,0.275,0.35,0.3,0.35,0.25,0.6,0.425,0.575,0.475,0.35,0.3,0.15,0.675,0.35,0.325,0.425,1.125,0.825,0.325,0.45,0.45,0.575,0.5,0.4,1.8,1.25,2.175,2.05,1.575,1.625,1.6,0.975,1.15,1.025,1.075,2.2,3.05,2.825,1.55,1.9,2.775,2.625,2.575,4.275,5.2,2.875,2.775,2.975,2.6,2.475,2.925,2.85,2.975,2.6,2.225,3.125,2.725,2.725,2.65,2.625,2.675,2.7,2.55,2.65,2.65,2.625,1.925,2.2,2.95,2.875,2.925,2.95,3.125,3.025,3.775,3.175,3.55,3.675,3.45,3.5,3.95,4.15,4.125,4,4,4.575,4.35,4.275,4.35,4.625,4.25,4.275,4.525,4.55,4.5,4.5
0.2,2.775,2.425,0.975,0.8,1.575,1.025,1.175,0.725,0.15,0.9,1,0.225,0,0.425,0.525,0.275,0.25,0.175,0.375,0.2,0.225,0.55,0.55,0.675,0.525,0.5,0.525,0.5,0.55,0.525,0.575,0.45,0.625,0.65,0.6,0.5,0.55,0.525,0.375,0.9,0.55,0.55,0.675,1.325,1.05,0.35,0.475,0.475,0.6,0.525,0.425,1.975,1.275,2.2,2.4,1.6,1.65,1.625,0.725,0.975,0.925,1.05,1.95,2.975,2.75,1.575,1.925,2.8,2.65,2.625,4.325,5.125,2.9,2.8,3,2.625,2.5,2.95,2.875,3,2.625,2.25,3.15,2.75,2.75,2.675,2.65,2.7,2.725,2.575,2.675,2.675,2.65,1.925,2.225,2.925,2.9,2.925,2.95,3.15,3.05,3.8,3.2,3.575,3.7,3.475,3.525,3.975,4.175,4.15,4.025,4.025,4.6,4.375,4.3,4.375,4.65,4.275,4.3,4.55,4.575,4.525,4.525
0.275,2.9,2.55,1.075,0.9,1.675,1.125,1.275,1.25,0.5,1,1.1,0.45,0.425,0,0.15,0.4,0.275,0.2,0.475,0.275,0.525,0.75,0.75,0.85,0.7,0.675,0.7,0.675,0.725,0.7,0.75,0.625,1,0.8,0.8,0.675,0.725,0.7,0.55,1.075,0.725,0.7,0.825,1.5,1.225,0.725,0.85,0.825,0.975,0.875,0.8,2.175,1.65,2.575,2.45,1.95,2,1.975,0.85,0.85,0.75,0.8,2.075,2.775,2.55,1.225,1.575,2.45,2.275,2.25,3.95,4.9,3.05,2.95,3.15,2.775,2.65,3.1,3.025,3.15,2.775,2.4,3.3,2.9,2.925,2.825,2.8,2.85,2.875,2.725,2.825,2.825,2.8,2.05,2.375,3.05,3.15,3.05,3.075,3.3,3.2,3.95,3.35,3.725,3.85,3.625,3.675,4.125,4.325,4.3,4.175,4.175,4.75,4.55,4.45,4.55,4.8,4.425,4.475,4.7,4.725,4.675,4.675
0.275,2.975,2.625,1.15,1,1.75,1.225,1.35,1.325,0.6,1.1,1.175,0.45,0.525,0.15,0,0.5,0.325,0.325,0.6,0.275,0.525,0.5,0.375,0.35,0.7,0.7,0.7,0.675,0.75,0.7,0.75,0.65,1.025,0.825,0.825,0.675,0.75,0.7,0.55,1.075,0.75,0.725,0.825,1.525,1.225,0.725,0.85,0.85,0.975,0.9,0.8,2.175,1.675,2.575,2.45,1.975,2.025,2,0.95,0.925,0.8,0.85,2.175,2.825,2.6,1.225,1.6,2.45,2.3,2.275,3.975,4.975,3.175,3.05,3.25,2.875,2.75,3.2,3.125,3.275,2.9,2.5,3.425,3.025,3.025,2.925,2.9,2.95,3,2.825,2.925,2.95,2.9,2.15,2.475,3.15,3.25,3.15,3.175,3.425,3.3,4.05,3.45,3.825,3.95,3.75,3.8,4.25,4.425,4.425,4.3,4.3,4.875,4.65,4.55,4.65,4.9,4.55,4.575,4.825,4.825,4.775,4.8
0.525,2.65,2.3,0.825,0.675,1.425,0.9,1.025,1,0.35,0.775,0.85,0.525,0.275,0.4,0.5,0,0.625,0.225,0.225,0.525,0.55,0.9,0.9,1,0.85,0.85,0.85,0.825,0.9,0.85,0.975,0.8,0.875,0.9,0.825,0.725,0.8,0.85,0.7,1.3,0.95,0.875,0.9,1.725,1.45,0.6,0.725,0.7,0.85,0.75,0.675,2.225,1.625,2.45,2.625,1.825,1.875,1.85,0.475,0.725,0.7,0.825,1.6,2.725,2.5,1.575,1.95,2.8,2.65,2.625,4.325,4.875,2.825,2.725,2.925,2.55,2.425,2.875,2.8,2.925,2.55,2.175,3.075,2.675,2.675,2.6,2.575,2.6,2.65,2.5,2.6,2.6,2.575,1.825,2.15,2.825,2.925,2.825,2.85,3.075,2.975,3.725,3.125,3.5,3.625,3.4,3.45,3.9,4.1,4.075,3.95,3.95,4.525,4.3,4.225,4.3,4.575,4.2,4.225,4.475,4.5,4.45,4.45
0.15,2.825,2.475,1.25,1.1,1.65,1.05,1.45,0.775,0.35,0.825,0.975,0.125,0.25,0.275,0.325,0.625,0,0.3,0.7,0.15,0.25,0.325,0.325,0.45,0.425,0.4,0.425,0.4,0.45,0.425,0.475,0.35,0.7,0.525,0.675,0.55,0.45,0.425,0.275,0.8,0.45,0.425,0.55,1.225,0.95,0.425,0.55,0.525,0.675,0.575,0.5,1.9,1.35,2.275,2.175,1.675,1.7,1.675,1.05,1.075,0.95,1,2.275,2.975,2.75,1.5,1.85,2.725,2.55,2.525,4.225,5.125,2.975,2.875,3.075,2.7,2.55,3,2.95,3.075,2.7,2.3,3.225,2.825,2.825,2.75,2.725,2.75,2.8,2.65,2.725,2.75,2.725,2,2.275,3.025,2.95,3,3.05,3.225,3.1,3.85,3.275,3.65,3.75,3.55,3.6,4.05,4.25,4.225,4.1,4.1,4.675,4.45,4.35,4.45,4.725,4.35,4.375,4.625,4.625,4.575,4.6
0.15,2.75,2.4,0.925,0.775,1.525,1,1.125,1.1,0.375,0.875,0.95,0.375,0.175,0.2,0.325,0.225,0.3,0,0.35,0.15,0.45,0.675,0.675,0.775,0.625,0.6,0.625,0.6,0.65,0.625,0.675,0.575,0.9,0.725,0.85,0.75,0.675,0.625,0.475,1,0.65,0.65,0.75,1.425,1.15,0.6,0.725,0.725,0.875,0.775,0.675,2.1,1.55,2.45,2.375,1.85,1.9,1.875,0.725,0.925,0.825,0.85,1.95,2.825,2.6,1.375,1.725,2.6,2.45,2.4,4.1,4.975,2.925,2.825,3.025,2.65,2.525,2.975,2.9,3.025,2.65,2.275,3.175,2.775,2.775,2.7,2.675,2.725,2.75,2.6,2.7,2.7,2.675,1.925,2.25,2.925,3.025,2.925,2.95,3.175,3.075,3.825,3.225,3.6,3.725,3.5,3.55,4,4.2,4.175,4.05,4.05,4.625,4.425,4.325,4.425,4.675,4.3,4.325,4.575,4.6,4.55,4.55
0.575,2.525,2.175,0.7,0.525,1.3,0.75,0.9,0.875,0.325,0.625,0.725,0.625,0.375,0.475,0.6,0.225,0.7,0.35,0,0.575,0.625,0.95,0.95,1.075,0.925,0.9,0.925,0.9,0.95,0.925,1.05,0.85,0.95,0.975,0.9,0.8,0.85,0.925,0.775,1.375,1.025,0.925,0.975,1.8,1.5,0.65,0.775,0.775,0.9,0.825,0.725,2.375,1.475,2.4,2.6,1.8,1.85,1.45,0.575,0.825,0.8,0.925,1.7,2.825,2.6,1.65,2,2.875,2.725,2.675,4.375,4.975,2.7,2.575,2.8,2.4,2.275,2.725,2.65,2.8,2.425,2.025,2.95,2.55,2.55,2.45,2.425,2.475,2.525,2.35,2.45,2.475,2.425,1.675,2,2.675,2.775,2.675,2.7,2.95,2.825,3.575,2.975,3.35,3.475,3.275,3.325,3.775,3.95,3.95,3.825,3.825,4.4,4.175,4.075,4.175,4.425,4.075,4.1,4.35,4.35,4.3,4.325
0,2.825,2.475,1.15,0.975,1.75,1.225,1.35,0.775,0.35,1.075,0.975,0.225,0.2,0.275,0.275,0.525,0.15,0.15,0.575,0,0.275,0.5,0.5,0.6,0.45,0.425,0.45,0.425,0.5,0.45,0.5,0.4,0.75,0.55,0.575,0.425,0.5,0.45,0.3,0.825,0.475,0.475,0.575,1.25,0.975,0.475,0.6,0.6,0.725,0.65,0.55,1.925,1.4,2.325,2.2,1.725,1.775,1.75,0.975,0.975,0.85,0.9,2.175,2.875,2.65,1.425,1.775,2.65,2.5,2.475,4.175,5.025,3.025,2.925,3.125,2.75,2.625,3.075,3,3.125,2.75,2.375,3.275,2.875,2.875,2.8,2.775,2.8,2.85,2.7,2.8,2.8,2.775,2.075,2.35,3.1,3.025,3.075,3.1,3.275,3.175,3.925,3.325,3.7,3.825,3.6,3.65,4.1,4.3,4.275,4.15,4.15,4.725,4.5,4.425,4.5,4.775,4.4,4.425,4.675,4.7,4.65,4.65
0.275,2.7,2.35,1.175,1.025,1.55,0.925,1.375,0.65,0.25,0.725,0.875,0.1,0.225,0.525,0.525,0.55,0.25,0.45,0.625,0.275,0,0.275,0.525,0.65,0.225,0.225,0.225,0.2,0.275,0.225,0.275,0.175,0.625,0.2,0.225,0.15,0.175,0.225,0.075,0.625,0.275,0.25,0.35,1.05,0.75,0.325,0.45,0.45,0.575,0.5,0.4,1.725,1.275,2.175,1.975,1.575,1.625,1.6,0.975,1.225,1.175,1.225,2.2,3.2,2.975,1.7,2.05,2.925,2.75,2.725,4.425,5.325,2.875,2.775,2.975,2.6,2.475,2.925,2.85,3,2.625,2.225,3.15,2.75,2.75,2.65,2.625,2.675,2.7,2.55,2.65,2.675,2.625,1.925,2.2,2.95,2.875,2.925,2.95,3.125,3.025,3.775,3.175,3.55,3.675,3.45,3.525,3.95,4.15,4.125,4.025,4,4.575,4.375,4.275,4.375,4.625,4.25,4.3,4.55,4.55,4.5,4.5
0.5,2.825,2.475,1.525,1.35,1.65,1.05,1.5,0.825,0.575,0.975,0.975,0.25,0.55,0.75,0.5,0.9,0.325,0.675,0.95,0.5,0.275,0,0.175,0.45,0.3,0.275,0.3,0.275,0.325,0.3,0.35,0.275,0.5,0.35,0.4,0.425,0.325,0.3,0.225,0.675,0.325,0.25,0.375,1.1,0.825,0.7,0.575,0.525,0.425,0.625,0.65,1.775,1.25,2.15,2.05,1.55,1.6,1.575,1.35,1.475,1.35,1.4,2.575,3.375,3.15,1.475,1.825,2.7,2.55,2.5,4.2,5.525,3,2.875,3.1,2.725,2.575,3.025,2.95,3.1,2.725,2.325,3.25,2.85,2.85,2.75,2.725,2.775,2.825,2.65,2.75,2.775,2.725,2.025,2.3,2.925,2.85,2.95,3.05,3.25,3.125,3.875,3.275,3.675,3.775,3.575,3.625,4.075,4.25,4.25,4.125,4.125,4.7,4.475,4.375,4.475,4.725,4.375,4.4,4.65,4.65,4.6,4.625
0.5,3.05,2.7,1.525,1.35,1.9,1.275,1.725,1,0.575,1.075,1.2,0.375,0.55,0.75,0.375,0.9,0.325,0.675,0.95,0.5,0.525,0.175,0,0.2,0.55,0.525,0.55,0.525,0.575,0.55,0.6,0.525,0.95,0.65,0.65,0.8,0.575,0.55,0.5,0.925,0.575,0.575,0.675,1.35,1.075,0.675,0.8,0.775,0.925,0.825,0.75,2.025,1.6,2.525,2.3,1.925,1.95,1.925,1.325,1.425,1.325,1.35,2.55,3.325,3.1,1.325,1.675,2.55,2.4,2.375,4.075,5.475,3.225,3.125,3.325,2.95,2.8,3.25,3.175,3.325,2.95,2.55,3.475,3.075,3.075,2.975,2.975,3,3.05,2.875,2.975,3,2.975,2.25,2.525,3.275,3.2,3.25,3.3,3.475,3.35,4.1,3.5,3.9,4,3.8,3.85,4.3,4.475,4.475,4.35,4.35,4.925,4.7,4.6,4.7,4.975,4.6,4.625,4.875,4.875,4.825,4.85
0.6,3.175,2.825,1.65,1.475,2,1.4,1.825,1.125,0.7,1.175,1.325,0.5,0.675,0.85,0.35,1,0.45,0.775,1.075,0.6,0.65,0.45,0.2,0,0.65,0.625,0.65,0.625,0.675,0.65,0.7,0.625,1.05,0.75,0.775,0.9,0.7,0.65,0.6,1.025,0.675,0.675,0.775,1.45,1.175,0.775,0.9,0.875,1.025,0.95,0.85,2.125,1.7,2.625,2.4,2.025,2.075,2.05,1.425,1.525,1.425,1.45,2.65,3.425,3.2,1.225,1.575,2.45,2.3,2.275,3.95,5.575,3.325,3.225,3.425,3.05,2.925,3.375,3.3,3.425,3.05,2.675,3.575,3.175,3.175,3.1,3.075,3.1,3.15,3,3.1,3.1,3.075,2.375,2.625,3.4,3.3,3.375,3.4,3.575,3.45,4.2,3.625,4,4.1,3.9,3.95,4.4,4.6,4.575,4.45,4.45,5.025,4.8,4.7,4.8,5.075,4.7,4.725,4.975,4.975,4.925,4.95
0.45,2.575,2.225,1.3,1.1,1.4,0.8,1.25,0.575,0.55,0.75,0.725,0.3,0.525,0.7,0.7,0.85,0.425,0.625,0.925,0.45,0.225,0.3,0.55,0.65,0,0.05,0.025,0.025,0.05,0.025,0.075,0.075,0.225,0.1,0.125,0.15,0.05,0.05,0.175,0.425,0.025,0.05,0.125,0.85,0.55,0.4,0.35,0.275,0.15,0.375,0.4,1.525,0.975,1.9,1.8,1.3,1.35,1.3,1.275,1.375,1.275,1.3,2.5,3.275,3.05,1.65,2,2.875,2.725,2.675,4.375,5.425,2.75,2.65,2.85,2.475,2.325,2.775,2.725,2.85,2.475,2.075,3,2.6,2.6,2.525,2.5,2.525,2.575,2.425,2.5,2.525,2.5,1.775,2.05,2.675,2.575,2.675,2.825,3,2.875,3.625,3.05,3.425,3.525,3.325,3.375,3.825,4.025,4,3.875,3.875,4.45,4.225,4.125,4.225,4.5,4.125,4.15,4.4,4.4,4.35,4.375
0.425,2.625,2.25,1.475,1.15,1.45,0.85,1.3,0.625,0.525,0.775,0.775,0.3,0.5,0.675,0.7,0.85,0.4,0.6,0.9,0.425,0.225,0.275,0.525,0.625,0.05,0,0.025,0.025,0.1,0.05,0.1,0.05,0.225,0.15,0.2,0.2,0.1,0.05,0.175,0.425,0.075,0.05,0.15,0.85,0.55,0.45,0.375,0.3,0.2,0.4,0.425,1.525,0.975,1.9,1.775,1.275,1.325,1.3,1.275,1.375,1.25,1.3,2.5,3.275,3.05,1.625,1.975,2.85,2.7,2.675,4.375,5.425,2.775,2.675,2.875,2.5,2.375,2.825,2.75,2.875,2.5,2.125,3.025,2.625,2.625,2.55,2.525,2.55,2.6,2.45,2.55,2.55,2.525,1.825,2.1,2.65,2.575,2.675,2.85,3.025,2.925,3.675,3.075,3.45,3.575,3.35,3.4,3.85,4.05,4.025,3.9,3.9,4.475,4.25,4.175,4.25,4.525,4.15,4.175,4.425,4.45,4.4,4.4
0.45,2.575,2.225,1.325,1.125,1.425,0.8,1.25,0.6,0.55,0.75,0.75,0.3,0.525,0.7,0.7,0.85,0.425,0.625,0.925,0.45,0.225,0.3,0.55,0.65,0.025,0.025,0,0.05,0.075,0.05,0.075,0.1,0.225,0.125,0.175,0.175,0.125,0.075,0.175,0.4,0.05,0.05,0.125,0.825,0.525,0.425,0.35,0.275,0.175,0.375,0.4,1.5,0.95,1.875,1.775,1.275,1.3,1.275,1.275,1.375,1.275,1.3,2.5,3.3,3.05,1.65,2,2.875,2.725,2.7,4.4,5.425,2.75,2.65,2.85,2.475,2.35,2.8,2.725,2.85,2.475,2.1,3,2.6,2.625,2.525,2.5,2.55,2.575,2.425,2.525,2.525,2.5,1.8,2.075,2.65,2.55,2.65,2.825,3,2.9,3.65,3.05,3.425,3.55,3.325,3.375,3.825,4.025,4,3.9,3.875,4.45,4.25,4.15,4.25,4.5,4.125,4.175,4.425,4.425,4.375,4.375
0.425,2.6,2.225,1.45,1.125,1.425,0.8,1.275,0.6,0.525,0.75,0.75,0.275,0.5,0.675,0.675,0.825,0.4,0.6,0.9,0.425,0.2,0.275,0.525,0.625,0.025,0.025,0.05,0,0.075,0.05,0.1,0.05,0.225,0.15,0.15,0.15,0.075,0.05,0.15,0.425,0.075,0.05,0.175,0.85,0.575,0.45,0.375,0.3,0.175,0.4,0.45,1.525,1,1.9,1.8,1.3,1.35,1.325,1.25,1.35,1.25,1.275,2.475,3.275,3.025,1.625,1.975,2.85,2.7,2.675,4.375,5.4,2.8,2.675,2.9,2.5,2.375,2.825,2.75,2.9,2.525,2.125,3.05,2.65,2.65,2.55,2.525,2.575,2.625,2.45,2.55,2.575,2.525,1.825,2.1,2.675,2.6,2.7,2.85,3.05,2.925,3.675,3.075,3.45,3.575,3.375,3.425,3.875,4.05,4.05,3.925,3.925,4.5,4.275,4.175,4.275,4.525,4.175,4.2,4.45,4.45,4.4,4.425
0.5,2.575,2.225,1.3,1.125,1.4,0.8,1.25,0.6,0.6,0.75,0.725,0.35,0.55,0.725,0.75,0.9,0.45,0.65,0.95,0.5,0.275,0.325,0.575,0.675,0.05,0.1,0.075,0.075,0,0.05,0.025,0.1,0.175,0.125,0.15,0.175,0.05,0.075,0.225,0.4,0.025,0.1,0.125,0.825,0.55,0.425,0.35,0.275,0.125,0.275,0.4,1.5,0.95,1.875,1.775,1.275,1.325,1.3,1.325,1.425,1.3,1.35,2.35,3.325,3.1,1.7,2.05,2.925,2.775,2.725,4.425,5.475,2.75,2.65,2.85,2.475,2.35,2.8,2.725,2.85,2.475,2.1,3,2.6,2.6,2.525,2.5,2.525,2.575,2.425,2.525,2.525,2.5,1.8,2.075,2.65,2.575,2.8,2.825,3,2.9,3.65,3.05,3.425,3.55,3.325,3.375,3.825,4.025,4,3.875,3.875,4.45,4.225,4.15,4.225,4.5,4.125,4.15,4.4,4.425,4.375,4.375
0.45,2.55,2.2,1.175,1.1,1.4,0.775,1.225,0.575,0.525,0.725,0.725,0.3,0.525,0.7,0.7,0.85,0.425,0.625,0.925,0.45,0.225,0.3,0.55,0.65,0.025,0.05,0.05,0.05,0.05,0,0.05,0.075,0.2,0.1,0.125,0.15,0.05,0.075,0.175,0.425,0.025,0.075,0.1,0.85,0.575,0.4,0.325,0.25,0.15,0.35,0.375,1.525,0.975,1.9,1.8,1.3,1.35,1.325,1.275,1.375,1.275,1.3,2.325,3.3,3.05,1.65,2,2.875,2.725,2.7,4.4,5.425,2.725,2.625,2.825,2.45,2.325,2.775,2.7,2.825,2.45,2.075,2.975,2.575,2.575,2.5,2.475,2.5,2.55,2.4,2.5,2.5,2.475,1.775,2.025,2.675,2.6,2.775,2.8,2.975,2.875,3.625,3.025,3.4,3.5,3.3,3.35,3.8,4,3.975,3.85,3.85,4.425,4.2,4.125,4.2,4.475,4.1,4.125,4.375,4.4,4.35,4.35
0.5,2.6,2.25,1.325,1.125,1.425,0.825,1.275,0.6,0.6,0.75,0.75,0.35,0.575,0.75,0.75,0.975,0.475,0.675,1.05,0.5,0.275,0.35,0.6,0.7,0.075,0.1,0.075,0.1,0.025,0.05,0,0.125,0.15,0.125,0.125,0.15,0.075,0.1,0.225,0.4,0.025,0.125,0.15,0.825,0.55,0.35,0.275,0.25,0.1,0.25,0.35,1.5,0.825,1.725,1.775,1.125,1.175,1.15,1.325,1.425,1.325,1.35,2.3,3.35,3.1,1.7,2.05,2.925,2.775,2.75,4.45,5.475,2.775,2.675,2.875,2.5,2.35,2.8,2.75,2.875,2.5,2.1,3.025,2.625,2.625,2.55,2.525,2.55,2.6,2.45,2.525,2.55,2.525,1.8,2.075,2.5,2.425,2.525,2.85,3.025,2.9,3.65,3.075,3.45,3.55,3.35,3.4,3.85,4.05,4.025,3.9,3.9,4.475,4.25,4.15,4.25,4.525,4.15,4.175,4.425,4.425,4.375,4.4
0.4,2.675,2.325,1.425,1.2,1.5,0.9,1.35,0.675,0.475,0.825,0.825,0.25,0.45,0.625,0.65,0.8,0.35,0.575,0.85,0.4,0.175,0.275,0.525,0.625,0.075,0.05,0.1,0.05,0.1,0.075,0.125,0,0.25,0.175,0.175,0.175,0.075,0.05,0.125,0.475,0.1,0.1,0.2,0.9,0.625,0.5,0.425,0.35,0.2,0.45,0.5,1.575,1.025,1.95,1.85,1.35,1.4,1.375,1.225,1.325,1.225,1.25,2.45,3.225,3,1.625,1.975,2.85,2.7,2.65,4.35,5.375,2.825,2.725,2.925,2.55,2.425,2.875,2.8,2.95,2.575,2.175,3.1,2.7,2.7,2.6,2.575,2.625,2.675,2.5,2.6,2.625,2.575,1.875,2.15,2.725,2.65,2.75,2.9,3.075,2.975,3.725,3.125,3.5,3.625,3.4,3.475,3.9,4.1,4.1,3.975,3.975,4.525,4.325,4.225,4.325,4.575,4.225,4.25,4.5,4.5,4.45,4.475
0.75,2.5,2.15,1.225,1.025,1.325,0.725,1.175,0.45,0.5,0.675,0.65,0.6,0.625,1,1.025,0.875,0.7,0.9,0.95,0.75,0.625,0.5,0.95,1.05,0.225,0.225,0.225,0.225,0.175,0.2,0.15,0.25,0,0.2,0.15,0.25,0.225,0.225,0.375,0.5,0.175,0.25,0.275,0.925,0.625,0.325,0.275,0.225,0.075,0.225,0.325,1.425,0.725,1.625,1.825,1.025,1.075,1.05,1.325,1.575,1.55,1.65,2.275,3.575,3.35,2.125,2.475,3.35,3.2,3.15,4.85,5.725,2.7,2.575,2.8,2.425,2.275,2.725,2.65,2.8,2.425,2.025,2.95,2.55,2.55,2.45,2.425,2.475,2.525,2.35,2.45,2.475,2.425,1.725,2,2.4,2.325,2.425,2.75,2.95,2.825,3.575,2.975,3.375,3.475,3.275,3.325,3.775,3.95,3.95,3.825,3.825,4.4,4.175,4.075,4.175,4.425,4.075,4.1,4.35,4.35,4.3,4.325
0.55,2.5,2.15,1.125,1.05,1.35,0.725,1.175,0.525,0.525,0.675,0.675,0.425,0.65,0.8,0.825,0.9,0.525,0.725,0.975,0.55,0.2,0.35,0.65,0.75,0.1,0.15,0.125,0.15,0.125,0.1,0.125,0.175,0.2,0,0.075,0.075,0.025,0.1,0.25,0.5,0.1,0.15,0.05,0.925,0.65,0.35,0.275,0.2,0.125,0.3,0.325,1.6,1.075,1.975,1.875,1.375,1.425,1.4,1.35,1.45,1.35,1.375,2.15,3.375,3.125,1.725,2.075,2.95,2.8,2.775,4.475,5.5,2.675,2.575,2.775,2.4,2.275,2.725,2.65,2.775,2.425,2.025,2.925,2.525,2.55,2.45,2.425,2.475,2.5,2.35,2.45,2.45,2.425,1.725,2,2.725,2.675,2.725,2.75,2.925,2.825,3.575,2.975,3.35,3.475,3.25,3.3,3.75,3.95,3.925,3.825,3.8,4.375,4.175,4.075,4.175,4.425,4.05,4.1,4.35,4.35,4.3,4.3
0.575,2.45,2.1,1.175,0.975,1.275,0.675,1.125,0.45,0.45,0.6,0.6,0.575,0.6,0.8,0.825,0.825,0.675,0.85,0.9,0.575,0.225,0.4,0.65,0.775,0.125,0.2,0.175,0.15,0.15,0.125,0.125,0.175,0.15,0.075,0,0.1,0.075,0.15,0.325,0.525,0.125,0.2,0.1,0.95,0.675,0.275,0.225,0.15,0.075,0.2,0.275,1.6,0.9,1.8,2,1.2,1.25,1.225,1.275,1.525,1.425,1.475,2.225,3.45,3.225,1.775,2.125,3,2.85,2.825,4.525,5.575,2.625,2.525,2.725,2.35,2.225,2.675,2.6,2.725,2.35,1.975,2.875,2.475,2.475,2.4,2.375,2.4,2.45,2.3,2.4,2.4,2.375,1.675,1.925,2.575,2.5,2.675,2.7,2.875,2.75,3.525,2.925,3.3,3.4,3.2,3.25,3.7,3.9,3.875,3.75,3.75,4.325,4.1,4,4.1,4.375,4,4.025,4.275,4.3,4.225,4.25
0.425,2.55,2.2,1.05,0.9,1.4,0.775,1.25,0.575,0.35,0.65,0.725,0.475,0.5,0.675,0.675,0.725,0.55,0.75,0.8,0.425,0.15,0.425,0.8,0.9,0.15,0.2,0.175,0.15,0.175,0.15,0.15,0.175,0.25,0.075,0.1,0,0.05,0.1,0.125,0.55,0.15,0.2,0.1,0.975,0.7,0.275,0.2,0.25,0.175,0.35,0.35,1.65,1.125,2.025,1.925,1.425,1.475,1.45,1.15,1.4,1.25,1.3,2.075,3.275,3.05,1.775,2.125,3,2.85,2.825,4.5,5.425,2.725,2.625,2.825,2.45,2.325,2.775,2.7,2.825,2.45,2.075,2.975,2.575,2.6,2.5,2.475,2.525,2.55,2.4,2.5,2.5,2.475,1.775,2.05,2.775,2.725,2.775,2.8,2.975,2.875,3.625,3.025,3.4,3.525,3.3,3.35,3.8,4,3.975,3.85,3.85,4.425,4.225,4.125,4.225,4.475,4.1,4.15,4.375,4.4,4.35,4.35
0.5,2.525,2.15,1.125,1.05,1.35,0.725,1.2,0.525,0.425,0.675,0.675,0.35,0.55,0.725,0.75,0.8,0.45,0.675,0.85,0.5,0.175,0.325,0.575,0.7,0.05,0.1,0.125,0.075,0.05,0.05,0.075,0.075,0.225,0.025,0.075,0.05,0,0.025,0.175,0.5,0.05,0.175,0.075,0.925,0.65,0.35,0.275,0.225,0.15,0.325,0.35,1.6,1.075,2,1.875,1.4,1.45,1.425,1.2,1.375,1.25,1.3,2.125,3.275,3.05,1.675,2.025,2.9,2.725,2.7,4.4,5.425,2.7,2.575,2.8,2.425,2.275,2.725,2.65,2.8,2.425,2.025,2.95,2.55,2.55,2.45,2.425,2.475,2.525,2.35,2.45,2.475,2.425,1.725,2,2.725,2.675,2.725,2.75,2.95,2.825,3.575,2.975,3.375,3.475,3.275,3.325,3.775,3.95,3.95,3.825,3.825,4.4,4.175,4.075,4.175,4.425,4.075,4.1,4.35,4.35,4.3,4.325
0.45,2.575,2.225,1.475,1.1,1.4,0.8,1.25,0.575,0.55,0.725,0.725,0.3,0.525,0.7,0.7,0.85,0.425,0.625,0.925,0.45,0.225,0.3,0.55,0.65,0.05,0.05,0.075,0.05,0.075,0.075,0.1,0.05,0.225,0.1,0.15,0.1,0.025,0,0.175,0.475,0.05,0.1,0.125,0.9,0.6,0.4,0.35,0.275,0.2,0.375,0.4,1.575,1.025,1.95,1.825,1.35,1.375,1.35,1.275,1.375,1.275,1.3,2.2,3.3,3.05,1.625,1.975,2.85,2.7,2.675,4.375,5.425,2.75,2.65,2.85,2.475,2.325,2.775,2.725,2.85,2.475,2.075,3,2.6,2.6,2.525,2.5,2.525,2.575,2.425,2.5,2.525,2.5,1.775,2.05,2.7,2.625,2.775,2.825,3,2.875,3.625,3.05,3.425,3.525,3.325,3.375,3.825,4.025,4,3.875,3.875,4.45,4.225,4.125,4.225,4.5,4.125,4.15,4.4,4.4,4.35,4.375
0.3,2.75,2.4,1.325,1.175,1.6,0.975,1.425,0.775,0.375,0.7,0.925,0.15,0.375,0.55,0.55,0.7,0.275,0.475,0.775,0.3,0.075,0.225,0.5,0.6,0.175,0.175,0.175,0.15,0.225,0.175,0.225,0.125,0.375,0.25,0.325,0.125,0.175,0.175,0,0.55,0.225,0.2,0.3,0.975,0.7,0.325,0.525,0.45,0.325,0.55,0.4,1.65,1.125,2.025,1.925,1.425,1.475,1.45,1.125,1.225,1.125,1.15,2.35,3.125,2.9,1.65,2,2.875,2.7,2.675,4.375,5.275,2.925,2.825,3.025,2.65,2.525,2.975,2.9,3.025,2.65,2.275,3.175,2.775,2.775,2.7,2.675,2.7,2.75,2.6,2.7,2.7,2.675,1.975,2.225,2.8,2.725,2.825,3,3.175,3.05,3.8,3.225,3.6,3.7,3.5,3.55,4,4.2,4.175,4.05,4.05,4.625,4.4,4.3,4.4,4.675,4.3,4.325,4.575,4.575,4.525,4.55
0.825,2.925,2.575,1.65,1.45,1.75,1.15,1.6,0.875,0.925,1.1,1.075,0.675,0.9,1.075,1.075,1.3,0.8,1,1.375,0.825,0.625,0.675,0.925,1.025,0.425,0.425,0.4,0.425,0.4,0.425,0.4,0.475,0.5,0.5,0.525,0.55,0.5,0.475,0.55,0,0.375,0.4,0.475,0.5,0.2,0.725,0.65,0.625,0.65,0.625,0.725,1.375,0.85,1.75,1.65,1.15,1.2,1.175,1.65,1.75,1.65,1.675,2.65,3.65,3.425,2.025,2.375,3.25,3.1,3.05,4.75,5.8,3.075,2.975,3.175,2.8,2.675,3.125,3.05,3.2,2.825,2.425,3.35,2.95,2.95,2.85,2.825,2.875,2.9,2.75,2.85,2.875,2.825,1.725,2.4,2.525,2.45,2.55,2.675,3.325,3.225,3.975,3.375,3.65,3.775,3.65,3.725,4.075,4.35,4.35,4.225,4.225,4.775,4.575,4.475,4.475,4.725,4.45,4.5,4.65,4.65,4.7,4.7
0.475,2.55,2.2,1.3,1.1,1.4,0.775,1.225,0.575,0.575,0.725,0.725,0.35,0.55,0.725,0.75,0.95,0.45,0.65,1.025,0.475,0.275,0.325,0.575,0.675,0.025,0.075,0.05,0.075,0.025,0.025,0.025,0.1,0.175,0.1,0.125,0.15,0.05,0.05,0.225,0.375,0,0.075,0.1,0.825,0.55,0.375,0.3,0.225,0.125,0.325,0.375,1.5,0.975,1.875,1.775,1.275,1.325,1.3,1.325,1.425,1.3,1.35,2.3,3.325,3.1,1.7,2.05,2.925,2.75,2.725,4.425,5.475,2.725,2.6,2.825,2.425,2.3,2.75,2.675,2.825,2.45,2.05,2.975,2.575,2.575,2.475,2.45,2.5,2.55,2.375,2.475,2.5,2.45,1.75,2.025,2.65,2.575,2.75,2.775,2.975,2.85,3.6,3,3.375,3.5,3.3,3.35,3.8,3.975,3.975,3.85,3.85,4.425,4.2,4.1,4.2,4.45,4.1,4.125,4.375,4.375,4.325,4.35
0.475,2.625,2.275,1.35,1.15,1.45,0.85,1.3,0.625,0.55,0.775,0.775,0.325,0.55,0.7,0.725,0.875,0.425,0.65,0.925,0.475,0.25,0.25,0.575,0.675,0.05,0.05,0.05,0.05,0.1,0.075,0.125,0.1,0.25,0.15,0.2,0.2,0.175,0.1,0.2,0.4,0.075,0,0.15,0.825,0.55,0.45,0.375,0.3,0.225,0.4,0.425,1.5,0.975,1.875,1.775,1.275,1.325,1.3,1.275,1.375,1.275,1.325,2.5,3.3,3.075,1.65,2.025,2.875,2.725,2.7,4.4,5.425,2.775,2.675,2.875,2.5,2.375,2.825,2.75,2.875,2.5,2.125,3.025,2.625,2.65,2.55,2.525,2.575,2.6,2.45,2.55,2.55,2.525,1.825,2.1,2.65,2.575,2.675,2.85,3.025,2.925,3.675,3.075,3.45,3.575,3.35,3.4,3.85,4.05,4.025,3.925,3.9,4.475,4.275,4.175,4.275,4.525,4.15,4.2,4.425,4.45,4.4,4.4
0.575,2.525,2.175,1.25,1.05,1.35,0.75,1.2,0.525,0.525,0.675,0.675,0.425,0.675,0.825,0.825,0.9,0.55,0.75,0.975,0.575,0.35,0.375,0.675,0.775,0.125,0.15,0.125,0.175,0.125,0.1,0.15,0.2,0.275,0.05,0.1,0.1,0.075,0.125,0.3,0.475,0.1,0.15,0,0.875,0.575,0.425,0.35,0.3,0.175,0.375,0.425,1.55,1,1.925,1.8,1.325,1.35,1.325,1.35,1.45,1.325,1.375,2.575,3.35,3.125,1.725,2.075,2.95,2.775,2.75,4.45,5.5,2.775,2.65,2.875,2.5,2.35,2.8,2.725,2.875,2.5,2.1,3.025,2.625,2.625,2.525,2.5,2.55,2.6,2.425,2.525,2.55,2.5,1.8,2.075,2.675,2.6,2.7,2.825,3.025,2.9,3.65,3.05,3.425,3.55,3.35,3.4,3.85,4.025,4.025,3.9,3.9,4.475,4.25,4.15,4.25,4.5,4.15,4.175,4.425,4.425,4.375,4.4
1.25,3.35,3,2.075,1.9,2.025,1.575,2.025,1.3,1.35,1.525,1.5,1.125,1.325,1.5,1.525,1.725,1.225,1.425,1.8,1.25,1.05,1.1,1.35,1.45,0.85,0.85,0.825,0.85,0.825,0.85,0.825,0.9,0.925,0.925,0.95,0.975,0.925,0.9,0.975,0.5,0.825,0.825,0.875,0,0.4,1.15,1.075,1.05,1.075,1.05,1.15,1.075,0.9,2.1,1.55,1.4,1.35,1.525,2.075,2.175,2.075,2.1,3.1,4.075,3.85,2.45,2.8,3.675,3.525,3.475,5.175,6.225,3.525,3.4,3.6,3.225,3.1,3.55,3.475,3.625,3.25,2.85,3.775,3.375,3.375,3.275,3.25,3.3,3.35,3.175,3.275,3.3,3.25,2.05,2.825,2.875,2.775,2.875,3.025,3.775,3.65,4.4,3.8,4,4.125,4.1,4.15,4.4,4.775,4.775,4.575,4.575,5.15,4.95,4.8,4.8,5.075,4.9,4.85,4.975,5,5.075,5.075
0.975,3.075,2.725,1.775,1.6,1.9,1.3,1.75,1.025,1.075,1.225,1.225,0.825,1.05,1.225,1.225,1.45,0.95,1.15,1.5,0.975,0.75,0.825,1.075,1.175,0.55,0.55,0.525,0.575,0.55,0.575,0.55,0.625,0.625,0.65,0.675,0.7,0.65,0.6,0.7,0.2,0.55,0.55,0.575,0.4,0,0.9,0.825,0.8,0.825,0.8,0.875,1.25,0.775,1.925,1.525,1.325,1.375,1.35,1.825,1.925,1.8,1.85,2.825,3.825,3.6,2.2,2.55,3.425,3.275,3.225,4.925,5.975,3.25,3.15,3.35,2.975,2.85,3.3,3.225,3.35,2.975,2.6,3.5,3.1,3.1,3.025,3,3.05,3.075,2.925,3.025,3.025,3,1.9,2.575,2.7,2.625,2.725,2.85,3.5,3.4,4.15,3.55,3.825,3.95,3.825,3.875,4.225,4.525,4.5,4.375,4.375,4.95,4.725,4.65,4.65,4.9,4.625,4.65,4.825,4.825,4.875,4.875
0.475,2.425,2.075,0.925,0.95,1.25,0.65,1.1,0.375,0.2,0.425,0.575,0.325,0.35,0.725,0.725,0.6,0.425,0.6,0.65,0.475,0.325,0.7,0.675,0.775,0.4,0.45,0.425,0.45,0.425,0.4,0.35,0.5,0.325,0.35,0.275,0.275,0.35,0.4,0.325,0.725,0.375,0.45,0.425,1.15,0.9,0,0.15,0.15,0.3,0.2,0.1,1.675,0.975,1.875,2.075,1.275,1.325,1.3,1,1.25,1.225,1.325,1.95,3.25,3.025,1.8,2.15,3.025,2.875,2.85,4.55,5.4,2.6,2.475,2.7,2.3,2.175,2.625,2.55,2.7,2.325,1.925,2.85,2.45,2.45,2.35,2.325,2.375,2.425,2.25,2.35,2.375,2.325,1.625,1.9,2.65,2.575,2.625,2.65,2.85,2.725,3.475,2.875,3.25,3.375,3.175,3.225,3.675,3.85,3.85,3.725,3.725,4.3,4.075,3.975,4.075,4.325,3.975,4,4.25,4.25,4.2,4.225
0.6,2.35,2,1.05,0.9,1.175,0.575,1.025,0.375,0.325,0.425,0.5,0.45,0.475,0.85,0.85,0.725,0.55,0.725,0.775,0.6,0.45,0.575,0.8,0.9,0.35,0.375,0.35,0.375,0.35,0.325,0.275,0.425,0.275,0.275,0.225,0.2,0.275,0.35,0.525,0.65,0.3,0.375,0.35,1.075,0.825,0.15,0,0.075,0.225,0.125,0.1,1.6,0.9,1.8,2,1.2,1.25,1.225,1.125,1.375,1.325,1.425,2.05,3.375,3.125,1.9,2.275,3.125,2.975,2.95,4.65,5.5,2.5,2.4,2.6,2.225,2.1,2.55,2.475,2.625,2.25,1.85,2.775,2.375,2.375,2.275,2.25,2.3,2.35,2.175,2.275,2.3,2.25,1.55,1.825,2.575,2.5,2.55,2.575,2.75,2.65,3.4,2.8,3.175,3.3,3.075,3.15,3.575,3.775,3.775,3.65,3.65,4.2,4,3.9,4,4.25,3.9,3.925,4.175,4.175,4.125,4.15
0.6,2.325,1.975,1.05,0.875,1.175,0.55,1.025,0.35,0.325,0.5,0.5,0.45,0.475,0.825,0.85,0.7,0.525,0.725,0.775,0.6,0.45,0.525,0.775,0.875,0.275,0.3,0.275,0.3,0.275,0.25,0.25,0.35,0.225,0.2,0.15,0.25,0.225,0.275,0.45,0.625,0.225,0.3,0.3,1.05,0.8,0.15,0.075,0,0.2,0.1,0.125,1.575,0.875,1.775,1.975,1.175,1.225,1.2,1.125,1.375,1.35,1.45,2.075,3.375,3.15,1.925,2.275,3.15,3,2.95,4.65,5.525,2.525,2.4,2.625,2.25,2.1,2.55,2.475,2.625,2.25,1.85,2.775,2.375,2.375,2.275,2.25,2.3,2.35,2.175,2.275,2.3,2.25,1.55,1.825,2.55,2.475,2.55,2.575,2.775,2.65,3.4,2.8,3.2,3.3,3.1,3.15,3.6,3.775,3.775,3.65,3.65,4.225,4,3.9,4,4.25,3.9,3.925,4.175,4.175,4.125,4.15
0.725,2.475,2.125,1.175,1,1.3,0.7,1.15,0.425,0.475,0.625,0.625,0.575,0.6,0.975,0.975,0.85,0.675,0.875,0.9,0.725,0.575,0.425,0.925,1.025,0.15,0.2,0.175,0.175,0.125,0.15,0.1,0.2,0.075,0.125,0.075,0.175,0.15,0.2,0.325,0.65,0.125,0.225,0.175,1.075,0.825,0.3,0.225,0.2,0,0.175,0.275,1.6,0.9,1.825,2,1.2,1.25,1.225,1.275,1.525,1.5,1.6,2.225,3.525,3.3,2.075,2.425,3.3,3.15,3.1,4.8,5.675,2.65,2.525,2.75,2.35,2.225,2.675,2.6,2.75,2.375,1.975,2.9,2.5,2.5,2.4,2.375,2.425,2.475,2.3,2.4,2.425,2.375,1.675,1.95,2.575,2.5,2.6,2.7,2.9,2.775,3.525,2.925,3.3,3.425,3.225,3.275,3.725,3.9,3.9,3.775,3.775,4.35,4.125,4.025,4.125,4.375,4.025,4.05,4.3,4.3,4.25,4.275
0.65,2.275,1.925,1.1,0.75,1.1,0.475,0.9,0.275,0.375,0.425,0.4,0.5,0.525,0.875,0.9,0.75,0.575,0.775,0.825,0.65,0.5,0.625,0.825,0.95,0.375,0.4,0.375,0.4,0.275,0.35,0.25,0.45,0.225,0.3,0.2,0.35,0.325,0.375,0.55,0.625,0.325,0.4,0.375,1.05,0.8,0.2,0.125,0.1,0.175,0,0.125,1.55,0.85,1.775,1.975,1.175,1.225,1.2,1.25,1.5,1.475,1.575,2.2,3.5,3.275,2.05,2.4,3.275,3.125,3.075,4.775,5.65,2.625,2.5,2.725,2.35,2.2,2.65,2.575,2.725,2.35,1.95,2.875,2.475,2.475,2.375,2.35,2.4,2.45,2.275,2.375,2.4,2.35,1.65,1.925,2.55,2.475,2.575,2.675,2.875,2.75,3.5,2.9,3.3,3.4,3.2,3.25,3.7,3.875,3.875,3.75,3.75,4.325,4.1,4,4.1,4.35,4,4.025,4.275,4.275,4.225,4.25
0.55,2.425,2.05,1,0.575,1.25,0.625,0.8,0.275,0.275,0.325,0.375,0.4,0.425,0.8,0.8,0.675,0.5,0.675,0.725,0.55,0.4,0.65,0.75,0.85,0.4,0.425,0.4,0.45,0.4,0.375,0.35,0.5,0.325,0.325,0.275,0.35,0.35,0.4,0.4,0.725,0.375,0.425,0.425,1.15,0.875,0.1,0.1,0.125,0.275,0.125,0,1.65,0.95,1.85,2.05,1.25,1.3,1.275,1.1,1.35,1.325,1.425,2.05,3.35,3.125,1.9,2.25,3.125,2.975,2.925,4.625,5.5,2.575,2.45,2.65,2.275,2.15,2.6,2.525,2.675,2.3,1.9,2.825,2.425,2.425,2.325,2.3,2.35,2.4,2.225,2.325,2.35,2.3,1.6,1.875,2.625,2.55,2.6,2.625,2.8,2.7,3.45,2.85,3.225,3.35,3.125,3.2,3.625,3.825,3.825,3.7,3.7,4.25,4.05,3.95,4.05,4.3,3.95,3.975,4.225,4.225,4.175,4.2
1.925,3.125,2.75,2.35,2.075,1.525,1.8,1.75,1.925,1.85,1.875,1.8,1.8,1.975,2.175,2.175,2.225,1.9,2.1,2.375,1.925,1.725,1.775,2.025,2.125,1.525,1.525,1.5,1.525,1.5,1.525,1.5,1.575,1.425,1.6,1.6,1.65,1.6,1.575,1.65,1.375,1.5,1.5,1.55,1.075,1.25,1.675,1.6,1.575,1.6,1.55,1.65,0,0.975,1.275,0.675,0.675,0.625,0.9,2.65,2.9,2.725,2.775,3.375,4.75,4.525,3.125,3.475,4.35,4.2,4.15,5.85,6.9,3.3,2.65,3.4,2.35,2.2,3.275,3.275,3.4,3.05,2.65,3.575,3.175,3.175,3.075,3.05,3.1,3.15,2.975,3.075,3.1,3.05,1.3,1.9,2.05,1.95,2.05,2.25,3.4,2.975,3.7,3.45,3.175,3.275,3.25,3.45,3.575,4.475,4.475,3.75,3.75,4.325,4.1,3.975,3.975,4.25,4.2,4.025,4.15,4.175,4.25,4.25
1.4,2.65,2.3,1.75,1.175,1.175,0.9,1.325,1.05,1.15,0.975,0.925,1.25,1.275,1.65,1.675,1.625,1.35,1.55,1.475,1.4,1.275,1.25,1.6,1.7,0.975,0.975,0.95,1,0.95,0.975,0.825,1.025,0.725,1.075,0.9,1.125,1.075,1.025,1.125,0.85,0.975,0.975,1,0.9,0.775,0.975,0.9,0.875,0.9,0.85,0.95,0.975,0,1.1,1.225,0.5,0.5,0.675,1.95,2.2,2.175,2.225,2.575,4.2,3.975,2.575,2.925,3.8,3.65,3.625,5.3,6.35,2.85,2.725,2.95,2.55,2.425,2.875,2.8,2.95,2.575,2.175,3.1,2.7,2.7,2.6,2.575,2.625,2.675,2.5,2.6,2.625,2.575,1.225,2.15,1.875,1.8,1.9,2.175,3.1,2.975,3.55,3.125,3.025,3.125,3.075,3.3,3.425,4.1,4.1,3.6,3.6,4.175,3.95,3.825,3.825,4.075,4.225,3.875,4,4,4.075,4.1
2.325,2.725,2.25,2.3,2,1.15,1.825,1.7,1.95,2.05,1.9,1.825,2.175,2.2,2.575,2.575,2.45,2.275,2.45,2.4,2.325,2.175,2.15,2.525,2.625,1.9,1.9,1.875,1.9,1.875,1.9,1.725,1.95,1.625,1.975,1.8,2.025,2,1.95,2.025,1.75,1.875,1.875,1.925,2.1,1.925,1.875,1.8,1.775,1.825,1.775,1.85,1.275,1.1,0,0.525,0.65,0.7,0.85,2.9,3.15,3.125,3.2,3.375,5.15,4.925,3.525,3.9,4.75,4.6,4.575,6.275,7.3,1.85,1.425,2.075,1.5,1.375,2.075,2.075,2.2,2.075,1.575,2.45,1.825,1.95,1.625,1.6,1.65,1.675,1.625,1.625,1.625,1.6,0.725,1.225,0.825,0.75,0.85,1.05,2.2,1.775,2.5,2.225,1.975,2.075,2.025,2.25,2.375,3.275,3.275,2.55,2.55,3.125,2.9,2.775,2.775,3.025,3,2.825,2.95,2.95,3.025,3.05
2.2,3.275,2.9,2.5,2.2,1.675,2.025,1.9,2.15,2.25,2.1,2.025,2.05,2.4,2.45,2.45,2.625,2.175,2.375,2.6,2.2,1.975,2.05,2.3,2.4,1.8,1.775,1.775,1.8,1.775,1.8,1.775,1.85,1.825,1.875,2,1.925,1.875,1.825,1.925,1.65,1.775,1.775,1.8,1.55,1.525,2.075,2,1.975,2,1.975,2.05,0.675,1.225,0.525,0,0.825,0.85,1,2.925,3.175,3.025,3.05,3.525,5.025,4.8,3.4,3.75,4.625,4.475,4.425,6.125,7.175,2.4,1.975,2.625,2.05,1.925,2.675,2.675,2.8,2.625,2,3,2.375,2.5,2.175,2.15,2.2,2.225,2.175,2.175,2.175,2.15,1.3,1.9,1.425,1.35,1.45,1.6,2.8,2.375,3.1,2.825,2.575,2.675,2.625,2.85,2.975,3.875,3.875,3.15,3.15,3.725,3.5,3.375,3.375,3.625,3.6,3.425,3.55,3.55,3.625,3.65
1.725,2.475,2.125,1.725,1.5,0.875,1.225,1.1,1.35,1.45,1.3,1.225,1.575,1.6,1.95,1.975,1.825,1.675,1.85,1.8,1.725,1.575,1.55,1.925,2.025,1.3,1.275,1.275,1.3,1.275,1.3,1.125,1.35,1.025,1.375,1.2,1.425,1.4,1.35,1.425,1.15,1.275,1.275,1.325,1.4,1.325,1.275,1.2,1.175,1.2,1.175,1.25,0.675,0.5,0.65,0.825,0,0.075,0.25,2.275,2.5,2.475,2.55,2.725,4.525,4.275,2.9,3.25,4.125,3.95,3.925,5.625,6.65,2.65,2,2.75,1.7,1.55,2.65,2.65,2.775,2.375,2,2.9,2.5,2.525,2.425,2.4,2.45,2.475,2.325,2.425,2.425,2.4,0.65,1.25,1.4,1.325,1.425,1.6,2.775,2.35,3.075,2.8,2.55,2.65,2.625,2.825,2.95,3.85,3.85,3.125,3.125,3.7,3.475,3.35,3.35,3.625,3.575,3.4,3.525,3.525,3.6,3.625
1.775,2.525,2.175,1.775,1.55,0.925,1.275,1.15,1.4,1.5,1.35,1.275,1.625,1.65,2,2.025,1.875,1.7,1.9,1.85,1.775,1.625,1.6,1.95,2.075,1.35,1.325,1.3,1.35,1.325,1.35,1.175,1.4,1.075,1.425,1.25,1.475,1.45,1.375,1.475,1.2,1.325,1.325,1.35,1.35,1.375,1.325,1.25,1.225,1.25,1.225,1.3,0.625,0.5,0.7,0.85,0.075,0,0.325,2.325,2.575,2.55,2.6,2.8,4.575,4.35,2.95,3.3,4.175,4.025,4,5.675,6.725,2.725,2.05,2.825,1.75,1.6,2.675,2.7,2.825,2.45,2.05,2.975,2.575,2.575,2.475,2.475,2.5,2.55,2.375,2.475,2.5,2.475,0.725,1.325,1.45,1.375,1.475,1.675,2.8,2.375,3.1,2.85,2.575,2.7,2.65,2.85,2.975,3.9,3.875,3.175,3.175,3.75,3.525,3.4,3.4,3.65,3.6,3.45,3.575,3.575,3.65,3.675
1.75,2.325,1.975,1.575,1.275,0.725,0.875,0.975,1.025,1.475,0.95,0.9,1.6,1.625,1.975,2,1.85,1.675,1.875,1.45,1.75,1.6,1.575,1.925,2.05,1.3,1.3,1.275,1.325,1.3,1.325,1.15,1.375,1.05,1.4,1.225,1.45,1.425,1.35,1.45,1.175,1.3,1.3,1.325,1.525,1.35,1.3,1.225,1.2,1.225,1.2,1.275,0.9,0.675,0.85,1,0.25,0.325,0,2.3,2.55,2.5,2.575,2.6,4.55,4.325,2.925,3.275,4.15,4,3.95,5.65,6.7,2.525,1.975,2.625,1.675,1.525,2.575,2.5,2.65,2.275,1.875,2.8,2.4,2.4,2.3,2.275,2.325,2.35,2.2,2.3,2.325,2.275,0.65,1.25,1.6,1.525,1.625,1.6,2.55,2.55,3.275,2.6,2.75,2.85,2.8,3.025,3.15,3.8,3.8,3.325,3.325,3.9,3.675,3.55,3.55,3.8,3.9,3.6,3.725,3.725,3.8,3.825
0.975,3.175,2.825,0.825,1.2,1.95,1.425,1.55,1.525,0.8,1.3,1.375,0.975,0.725,0.85,0.95,0.475,1.05,0.725,0.575,0.975,0.975,1.35,1.325,1.425,1.275,1.275,1.275,1.25,1.325,1.275,1.325,1.225,1.325,1.35,1.275,1.15,1.2,1.275,1.125,1.65,1.325,1.275,1.35,2.075,1.825,1,1.125,1.125,1.275,1.25,1.1,2.65,1.95,2.9,2.925,2.275,2.325,2.3,0,0.325,0.3,0.425,1.3,2.325,2.1,1.225,1.625,2.375,2.725,2.7,4.45,4.475,3.35,3.225,3.45,3.075,2.925,3.375,3.3,3.45,3.075,2.675,3.6,3.2,3.2,3.1,3.075,3.125,3.175,3,3.1,3.125,3.075,2.325,2.65,3.325,3.425,3.325,3.35,3.6,3.475,4.225,3.625,4,4.125,3.925,3.975,4.425,4.6,4.6,4.475,4.475,5.05,4.825,4.725,4.825,5.075,4.725,4.75,5,5,4.95,4.975
0.975,3.425,3.075,1.05,1.45,2.2,1.675,1.8,1.775,1.05,1.55,1.625,1.15,0.975,0.85,0.925,0.725,1.075,0.925,0.825,0.975,1.225,1.475,1.425,1.525,1.375,1.375,1.375,1.35,1.425,1.375,1.425,1.325,1.575,1.45,1.525,1.4,1.375,1.375,1.225,1.75,1.425,1.375,1.45,2.175,1.925,1.25,1.375,1.375,1.525,1.5,1.35,2.9,2.2,3.15,3.175,2.5,2.575,2.55,0.325,0,0.075,0.1,1.675,2.025,1.8,0.925,1.325,2.075,2.425,2.375,4.15,4.175,3.6,3.5,3.7,3.325,3.175,3.625,3.575,3.7,3.325,2.925,3.85,3.45,3.45,3.375,3.35,3.375,3.425,3.275,3.35,3.375,3.35,2.575,2.9,3.575,3.7,3.575,3.625,3.85,3.725,4.475,3.9,4.275,4.375,4.175,4.225,4.675,4.875,4.85,4.725,4.725,5.3,5.075,4.975,5.075,5.35,4.975,5,5.25,5.25,5.2,5.225
0.85,3.4,3.05,1,1.4,2.175,1.625,1.775,1.75,1.025,1.5,1.6,1.025,0.925,0.75,0.8,0.7,0.95,0.825,0.8,0.85,1.175,1.35,1.325,1.425,1.275,1.25,1.275,1.25,1.3,1.275,1.325,1.225,1.55,1.35,1.425,1.25,1.25,1.275,1.125,1.65,1.3,1.275,1.325,2.075,1.8,1.225,1.325,1.35,1.5,1.475,1.325,2.725,2.175,3.125,3.025,2.475,2.55,2.5,0.3,0.075,0,0.125,1.8,2.15,1.9,0.95,1.35,2.075,2.45,2.4,4.1,4.275,3.575,3.475,3.675,3.3,3.175,3.625,3.55,3.675,3.3,2.925,3.825,3.425,3.45,3.35,3.325,3.375,3.4,3.25,3.35,3.35,3.325,2.575,2.9,3.575,3.675,3.575,3.6,3.825,3.725,4.475,3.875,4.25,4.375,4.15,4.2,4.65,4.85,4.825,4.7,4.7,5.275,5.075,4.975,5.075,5.325,4.95,5,5.225,5.25,5.2,5.2
0.9,3.525,3.175,1.125,1.525,2.3,1.75,1.9,1.875,1.125,1.625,1.725,1.075,1.05,0.8,0.85,0.825,1,0.85,0.925,0.9,1.225,1.4,1.35,1.45,1.3,1.3,1.3,1.275,1.35,1.3,1.35,1.25,1.65,1.375,1.475,1.3,1.3,1.3,1.15,1.675,1.35,1.325,1.375,2.1,1.85,1.325,1.425,1.45,1.6,1.575,1.425,2.775,2.225,3.2,3.05,2.55,2.6,2.575,0.425,0.1,0.125,0,1.75,2.1,1.85,0.925,1.325,2.05,2.425,2.375,4.075,4.225,3.675,3.575,3.775,3.4,3.275,3.725,3.65,3.8,3.425,3.025,3.925,3.525,3.55,3.45,3.425,3.475,3.5,3.35,3.45,3.475,3.425,2.675,3,3.675,3.775,3.675,3.7,3.925,3.825,4.575,3.975,4.35,4.475,4.25,4.3,4.75,4.95,4.925,4.825,4.8,5.375,5.175,5.075,5.175,5.425,5.05,5.1,5.35,5.35,5.3,5.3
2.175,1.525,1.975,0.975,1.475,2.15,1.85,1.65,1.975,1.875,1.725,1.825,2.2,1.95,2.075,2.175,1.6,2.275,1.95,1.7,2.175,2.2,2.575,2.55,2.65,2.5,2.5,2.5,2.475,2.35,2.325,2.3,2.45,2.275,2.15,2.225,2.075,2.125,2.2,2.35,2.65,2.3,2.5,2.575,3.1,2.825,1.95,2.05,2.075,2.225,2.2,2.05,3.375,2.575,3.375,3.525,2.725,2.8,2.6,1.3,1.675,1.8,1.75,0,1.95,1.625,2.3,2.775,3.225,4.025,3.975,5.1,3.725,2.9,2.825,2.6,2.825,2.95,2.925,2.95,3,2.25,2.65,2.65,2.45,2.375,2.675,2.65,2.675,2.725,2.675,2.65,2.675,2.65,2.55,3.175,3.55,3.65,3.55,3.275,3.175,3.075,3.825,3.225,3.6,3.725,3.5,3.525,4,4.15,4.15,4.075,4.075,4.625,4.425,4.325,4.425,4.675,4.275,4.35,4.6,4.6,4.55,4.575
2.875,3,3.45,2.725,3.45,4.2,3.675,3.8,3.775,3.05,3.55,3.625,3.05,2.975,2.775,2.825,2.725,2.975,2.825,2.825,2.875,3.2,3.375,3.325,3.425,3.275,3.275,3.3,3.275,3.325,3.3,3.35,3.225,3.575,3.375,3.45,3.275,3.275,3.3,3.125,3.65,3.325,3.3,3.35,4.075,3.825,3.25,3.375,3.375,3.525,3.5,3.35,4.75,4.2,5.15,5.025,4.525,4.575,4.55,2.325,2.025,2.15,2.1,1.95,0,0.375,2.65,2.65,2.375,4.35,4.325,3.6,2.75,4.375,4.3,4.075,4.3,4.425,4.4,4.425,4.475,3.725,4.125,4.125,3.925,3.85,4.15,4.125,4.15,4.2,4.15,4.125,4.15,4.125,4.575,4.65,5.375,5.475,5.375,4.75,4.675,4.55,5.3,4.7,5.075,5.2,5,5,5.5,5.625,5.625,5.55,5.55,6.125,5.9,5.8,5.9,6.15,5.75,5.825,6.075,6.075,6.025,6.05
2.65,2.675,3.15,2.6,3.225,3.975,3.45,3.575,3.55,2.825,3.325,3.4,2.825,2.75,2.55,2.6,2.5,2.75,2.6,2.6,2.65,2.975,3.15,3.1,3.2,3.05,3.05,3.05,3.025,3.1,3.05,3.1,3,3.35,3.125,3.225,3.05,3.05,3.05,2.9,3.425,3.1,3.075,3.125,3.85,3.6,3.025,3.125,3.15,3.3,3.275,3.125,4.525,3.975,4.925,4.8,4.275,4.35,4.325,2.1,1.8,1.9,1.85,1.625,0.375,0,2.4,2.875,2.45,4.125,4.075,3.675,2.525,4.15,4.075,3.85,4.075,4.2,4.175,4.175,4.25,3.5,3.9,3.9,3.7,3.625,3.925,3.9,3.925,3.975,3.925,3.9,3.925,3.9,4.35,4.425,5.125,5.25,5.15,4.525,4.425,4.325,5.075,4.475,4.85,4.975,4.75,4.775,5.25,5.4,5.4,5.325,5.3,5.875,5.675,5.575,5.675,5.925,5.525,5.6,5.85,5.85,5.8,5.8
1.425,4.05,3.7,2.225,2.05,2.825,2.275,2.425,2.15,1.65,2.15,2.25,1.55,1.575,1.225,1.225,1.575,1.5,1.375,1.65,1.425,1.7,1.475,1.325,1.225,1.65,1.625,1.65,1.625,1.7,1.65,1.7,1.625,2.125,1.725,1.775,1.775,1.675,1.625,1.65,2.025,1.7,1.65,1.725,2.45,2.2,1.8,1.9,1.925,2.075,2.05,1.9,3.125,2.575,3.525,3.4,2.9,2.95,2.925,1.225,0.925,0.95,0.925,2.3,2.65,2.4,0,0.4,1.25,1.6,1.55,3.25,4.775,4.2,4.1,4.3,3.925,3.8,4.25,4.175,4.3,3.925,3.55,4.45,4.05,4.05,3.975,3.95,4,4.025,3.875,3.975,3.975,3.95,3.2,3.525,4.2,4.3,4.2,4.225,4.45,4.35,5.1,4.5,4.875,5,4.775,4.825,5.275,5.475,5.45,5.325,5.325,5.9,5.7,5.6,5.7,5.95,5.575,5.6,5.85,5.875,5.825,5.825
1.775,4.4,4.05,2.575,2.4,3.175,2.625,2.775,2.525,2.025,2.5,2.6,1.9,1.925,1.575,1.6,1.95,1.85,1.725,2,1.775,2.05,1.825,1.675,1.575,2,1.975,2,1.975,2.05,2,2.05,1.975,2.475,2.075,2.125,2.125,2.025,1.975,2,2.375,2.05,2.025,2.075,2.8,2.55,2.15,2.275,2.275,2.425,2.4,2.25,3.475,2.925,3.9,3.75,3.25,3.3,3.275,1.625,1.325,1.35,1.325,2.775,2.65,2.875,0.4,0,0.975,1.1,1.05,2.75,5.275,4.75,4.65,4.85,4.475,4.35,4.8,4.725,4.85,4.5,4.1,5,4.6,4.625,4.525,4.5,4.55,4.575,4.425,4.525,4.525,4.5,3.75,4.075,4.75,4.85,4.75,4.775,5,4.9,5.65,5.05,5.425,5.55,5.325,5.375,5.825,6.025,6,5.9,5.875,6.45,6.25,6.15,6.25,6.5,6.125,6.175,6.425,6.425,6.375,6.375
2.65,4.625,4.925,3.45,3.275,4.05,3.5,3.65,3.375,2.875,3.375,3.475,2.775,2.8,2.45,2.45,2.8,2.725,2.6,2.875,2.65,2.925,2.7,2.55,2.45,2.875,2.85,2.875,2.85,2.925,2.875,2.925,2.85,3.35,2.95,3,3,2.9,2.85,2.875,3.25,2.925,2.875,2.95,3.675,3.425,3.025,3.125,3.15,3.3,3.275,3.125,4.35,3.8,4.75,4.625,4.125,4.175,4.15,2.375,2.075,2.075,2.05,3.225,2.375,2.45,1.25,0.975,0,0.95,1.1,2.025,4.425,5.5,5.4,5.6,5.225,5.075,5.525,5.475,5.6,5.225,4.825,5.75,5.35,5.35,5.275,5.25,5.275,5.325,5.175,5.25,5.275,5.25,4.475,4.8,5.475,5.6,5.475,5.525,5.75,5.625,6.375,5.8,6.175,6.275,6.075,6.125,6.575,6.775,6.75,6.625,6.625,7.2,6.975,6.875,6.975,7.25,6.875,6.9,7.15,7.15,7.1,7.125
2.5,5.125,4.75,3.3,3.125,3.9,3.35,3.475,3.225,2.725,3.225,3.3,2.625,2.65,2.275,2.3,2.65,2.55,2.45,2.725,2.5,2.75,2.55,2.4,2.3,2.725,2.7,2.725,2.7,2.775,2.725,2.775,2.7,3.2,2.8,2.85,2.85,2.725,2.7,2.7,3.1,2.75,2.725,2.775,3.525,3.275,2.875,2.975,3,3.15,3.125,2.975,4.2,3.65,4.6,4.475,3.95,4.025,4,2.725,2.425,2.45,2.425,4.025,4.35,4.125,1.6,1.1,0.95,0,0.175,1.75,6.475,5.275,5.175,5.375,5,4.875,5.325,5.25,5.375,5.025,4.625,5.525,5.125,5.15,5.05,5.025,5.075,5.1,4.95,5.05,5.05,5.025,4.275,4.6,5.275,5.375,5.275,5.3,5.525,5.425,6.175,5.575,5.95,6.075,5.85,5.9,6.35,6.55,6.525,6.425,6.4,6.975,6.775,6.675,6.775,7.025,6.65,6.7,6.95,6.95,6.9,6.9
2.475,5.075,4.725,3.25,3.075,3.85,3.325,3.45,3.2,2.7,3.2,3.275,2.575,2.625,2.25,2.275,2.625,2.525,2.4,2.675,2.475,2.725,2.5,2.375,2.275,2.675,2.675,2.7,2.675,2.725,2.7,2.75,2.65,3.15,2.775,2.825,2.825,2.7,2.675,2.675,3.05,2.725,2.7,2.75,3.475,3.225,2.85,2.95,2.95,3.1,3.075,2.925,4.15,3.625,4.575,4.425,3.925,4,3.95,2.7,2.375,2.4,2.375,3.975,4.325,4.075,1.55,1.05,1.1,0.175,0,1.8,6.45,5.25,5.15,5.35,4.975,4.85,5.3,5.225,5.35,4.975,4.6,5.5,5.1,5.1,5.025,5,5.025,5.075,4.925,5.025,5.025,5,4.25,4.55,5.25,5.35,5.25,5.275,5.5,5.375,6.15,5.55,5.925,6.025,5.825,5.875,6.325,6.525,6.5,6.375,6.375,6.95,6.725,6.625,6.725,7,6.625,6.65,6.9,6.925,6.85,6.875
4.175,6.4,6.425,4.95,4.775,5.55,5.025,5.15,4.9,4.4,4.9,4.975,4.275,4.325,3.95,3.975,4.325,4.225,4.1,4.375,4.175,4.425,4.2,4.075,3.95,4.375,4.375,4.4,4.375,4.425,4.4,4.45,4.35,4.85,4.475,4.525,4.5,4.4,4.375,4.375,4.75,4.425,4.4,4.45,5.175,4.925,4.55,4.65,4.65,4.8,4.775,4.625,5.85,5.3,6.275,6.125,5.625,5.675,5.65,4.45,4.15,4.1,4.075,5.1,3.6,3.675,3.25,2.75,2.025,1.75,1.8,0,4.35,6.95,6.85,7.05,6.675,6.55,7,6.925,7.05,6.675,6.3,7.2,6.8,6.825,6.725,6.7,6.75,6.775,6.625,6.725,6.725,6.7,5.95,6.275,6.95,7.05,6.95,6.975,7.2,7.1,7.85,7.25,7.625,7.75,7.525,7.575,8.025,8.225,8.2,8.075,8.075,8.65,8.45,8.35,8.45,8.7,8.325,8.35,8.6,8.625,8.575,8.575
5.025,4.775,5.25,4.7,5.6,6.35,5.825,5.95,5.925,5.2,5.7,5.775,5.2,5.125,4.9,4.975,4.875,5.125,4.975,4.975,5.025,5.325,5.525,5.475,5.575,5.425,5.425,5.425,5.4,5.475,5.425,5.475,5.375,5.725,5.5,5.575,5.425,5.425,5.425,5.275,5.8,5.475,5.425,5.5,6.225,5.975,5.4,5.5,5.525,5.675,5.65,5.5,6.9,6.35,7.3,7.175,6.65,6.725,6.7,4.475,4.175,4.275,4.225,3.725,2.75,2.525,4.775,5.275,4.425,6.475,6.45,4.35,0,6.125,6.05,5.85,6.075,6.175,6.175,6.175,6.225,5.475,5.875,5.9,5.7,5.6,5.9,5.875,5.9,5.95,5.9,5.9,5.9,5.9,6.7,6.4,7.125,7.225,7.125,6.525,6.425,6.3,7.05,6.45,6.85,6.95,6.75,6.75,7.25,7.4,7.375,7.3,7.3,7.875,7.65,7.55,7.65,7.925,7.5,7.575,7.825,7.825,7.775,7.8
3.025,1.375,0.9,2.525,2.225,1.95,2.025,1.925,2.3,2.775,2.25,2.2,2.875,2.9,3.05,3.175,2.825,2.975,2.925,2.7,3.025,2.875,3,3.225,3.325,2.75,2.775,2.75,2.8,2.75,2.725,2.775,2.825,2.7,2.675,2.625,2.725,2.7,2.75,2.925,3.075,2.725,2.775,2.775,3.525,3.25,2.6,2.5,2.525,2.65,2.625,2.575,3.3,2.85,1.85,2.4,2.65,2.725,2.525,3.35,3.6,3.575,3.675,2.9,4.375,4.15,4.2,4.75,5.5,5.275,5.25,6.95,6.125,0,0.475,0.45,0.5,0.6,0.225,0.25,0.125,0.775,0.8,0.625,0.5,0.625,0.275,0.25,0.25,0.225,0.35,0.25,0.25,0.275,1.5,0.9,1.5,1.6,1.525,0.925,0.425,0.55,1.15,0.625,1,1.125,0.875,0.75,1.45,1.4,1.375,1.425,1.425,2,1.775,1.675,1.725,1.975,1.5,1.7,1.9,1.9,1.9,1.925
2.925,1.3,0.85,2.425,2.1,1.85,1.925,1.825,2.175,2.65,2.15,2.075,2.775,2.8,2.95,3.05,2.725,2.875,2.825,2.575,2.925,2.775,2.875,3.125,3.225,2.65,2.675,2.65,2.675,2.65,2.625,2.675,2.725,2.575,2.575,2.525,2.625,2.575,2.65,2.825,2.975,2.6,2.675,2.65,3.4,3.15,2.475,2.4,2.4,2.525,2.5,2.45,2.65,2.725,1.425,1.975,2,2.05,1.975,3.225,3.5,3.475,3.575,2.825,4.3,4.075,4.1,4.65,5.4,5.175,5.15,6.85,6.05,0.475,0,0.675,0.125,0.3,0.475,0.475,0.575,0.7,0.675,1.075,0.425,0.55,0.225,0.2,0.25,0.3,0.225,0.225,0.25,0.2,1.575,0.55,1.1,1.2,1.1,0.5,0.6,0.5,1.25,0.65,1.025,1.15,0.925,0.975,1.425,1.7,1.675,1.5,1.475,2.05,1.85,1.75,1.85,2.1,1.8,1.775,2.025,2.025,1.975,1.975
3.125,1.1,0.625,2.625,2.325,2.05,2.125,2.025,2.375,2.875,2.35,2.3,2.975,3,3.15,3.25,2.925,3.075,3.025,2.8,3.125,2.975,3.1,3.325,3.425,2.85,2.875,2.85,2.9,2.85,2.825,2.875,2.925,2.8,2.775,2.725,2.825,2.8,2.85,3.025,3.175,2.825,2.875,2.875,3.6,3.35,2.7,2.6,2.625,2.75,2.725,2.65,3.4,2.95,2.075,2.625,2.75,2.825,2.625,3.45,3.7,3.675,3.775,2.6,4.075,3.85,4.3,4.85,5.6,5.375,5.35,7.05,5.85,0.45,0.675,0,0.675,0.8,0.775,0.775,0.55,0.475,0.925,0.4,0.25,0.25,0.525,0.5,0.375,0.575,0.525,0.5,0.525,0.5,1.6,1.025,1.725,1.85,1.75,1.125,1.025,0.925,1.65,1.075,1.45,1.575,1.35,1.375,1.85,1.875,1.875,1.925,1.9,2.475,2.275,2.175,2.275,2.525,1.975,2.2,2.45,2.45,2.4,2.4
2.75,1.3,0.85,2.25,1.95,1.675,1.75,1.65,2,2.475,1.975,1.9,2.6,2.625,2.775,2.875,2.55,2.7,2.65,2.4,2.75,2.6,2.725,2.95,3.05,2.475,2.5,2.475,2.5,2.475,2.45,2.5,2.55,2.425,2.4,2.35,2.45,2.425,2.475,2.65,2.8,2.425,2.5,2.5,3.225,2.975,2.3,2.225,2.25,2.35,2.35,2.275,2.35,2.55,1.5,2.05,1.7,1.75,1.675,3.075,3.325,3.3,3.4,2.825,4.3,4.075,3.925,4.475,5.225,5,4.975,6.675,6.075,0.5,0.125,0.675,0,0.15,0.5,0.425,0.575,0.65,0.5,1.025,0.375,0.525,0.225,0.2,0.25,0.3,0.15,0.225,0.25,0.2,1.025,0.425,1.2,1.3,1.2,0.575,0.725,0.6,1.35,0.75,1.125,1.25,1.05,1.1,1.55,1.725,1.725,1.6,1.6,2.175,1.95,1.85,1.95,2.2,1.85,1.875,2.125,2.125,2.075,2.1
2.625,1.425,0.975,2.125,1.8,1.375,1.6,1.5,1.875,2.35,1.85,1.775,2.475,2.5,2.65,2.75,2.425,2.55,2.525,2.275,2.625,2.475,2.575,2.8,2.925,2.325,2.375,2.35,2.375,2.35,2.325,2.35,2.425,2.275,2.275,2.225,2.325,2.275,2.325,2.525,2.675,2.3,2.375,2.35,3.1,2.85,2.175,2.1,2.1,2.225,2.2,2.15,2.2,2.425,1.375,1.925,1.55,1.6,1.525,2.925,3.175,3.175,3.275,2.95,4.425,4.2,3.8,4.35,5.075,4.875,4.85,6.55,6.175,0.6,0.3,0.8,0.15,0,0.65,0.575,0.725,0.8,0.375,1.175,0.525,0.65,0.375,0.35,0.4,0.425,0.3,0.375,0.4,0.35,0.95,0.35,0.875,0.975,0.975,0.45,0.85,0.75,1.5,0.9,1.275,1.4,1.175,1.25,1.675,1.875,1.875,1.75,1.75,2.3,2.1,2,2.1,2.35,1.975,2.025,2.275,2.275,2.225,2.225
3.075,1.4,0.95,2.575,2.25,1.975,2.05,1.95,2.325,2.8,2.3,2.225,2.925,2.95,3.1,3.2,2.875,3,2.975,2.725,3.075,2.925,3.025,3.25,3.375,2.775,2.825,2.8,2.825,2.8,2.775,2.8,2.875,2.725,2.725,2.675,2.775,2.725,2.775,2.975,3.125,2.75,2.825,2.8,3.55,3.3,2.625,2.55,2.55,2.675,2.65,2.6,3.275,2.875,2.075,2.675,2.65,2.675,2.575,3.375,3.625,3.625,3.725,2.925,4.4,4.175,4.25,4.8,5.525,5.325,5.3,7,6.175,0.225,0.475,0.775,0.5,0.65,0,0.025,0.15,0.8,0.825,0.825,0.525,0.65,0.3,0.3,0.3,0.25,0.375,0.275,0.3,0.3,1.525,0.925,1.3,1.4,1.425,0.75,0.25,0.35,1.075,0.4,0.775,0.9,0.65,0.675,1.2,1.3,1.3,1.25,1.25,1.825,1.6,1.5,1.55,1.8,1.425,1.525,1.725,1.725,1.725,1.75
3,1.425,0.95,2.5,2.175,1.925,2,1.9,2.25,2.725,2.225,2.15,2.85,2.875,3.025,3.125,2.8,2.95,2.9,2.65,3,2.85,2.95,3.175,3.3,2.725,2.75,2.725,2.75,2.725,2.7,2.75,2.8,2.65,2.65,2.6,2.7,2.65,2.725,2.9,3.05,2.675,2.75,2.725,3.475,3.225,2.55,2.475,2.475,2.6,2.575,2.525,3.275,2.8,2.075,2.675,2.65,2.7,2.5,3.3,3.575,3.55,3.65,2.95,4.425,4.175,4.175,4.725,5.475,5.25,5.225,6.925,6.175,0.25,0.475,0.775,0.425,0.575,0.025,0,0.175,0.8,0.85,0.825,0.525,0.675,0.3,0.3,0.3,0.25,0.375,0.3,0.3,0.3,1.525,0.95,1.3,1.4,1.425,0.75,0.275,0.35,1.1,0.4,0.775,0.9,0.65,0.7,1.175,1.325,1.3,1.25,1.25,1.8,1.6,1.5,1.55,1.8,1.425,1.525,1.725,1.725,1.725,1.75
3.125,1.475,1,2.625,2.325,2.05,2.125,2.025,2.4,2.875,2.35,2.3,2.975,3,3.15,3.275,2.925,3.075,3.025,2.8,3.125,3,3.1,3.325,3.425,2.85,2.875,2.85,2.9,2.85,2.825,2.875,2.95,2.8,2.775,2.725,2.825,2.8,2.85,3.025,3.2,2.825,2.875,2.875,3.625,3.35,2.7,2.625,2.625,2.75,2.725,2.675,3.4,2.95,2.2,2.8,2.775,2.825,2.65,3.45,3.7,3.675,3.8,3,4.475,4.25,4.3,4.85,5.6,5.375,5.35,7.05,6.225,0.125,0.575,0.55,0.575,0.725,0.15,0.175,0,0.85,0.9,0.725,0.6,0.725,0.375,0.35,0.35,0.3,0.425,0.35,0.35,0.375,1.575,1,1.4,1.5,1.55,0.875,0.4,0.45,1,0.525,0.9,1.025,0.775,0.6,1.3,1.225,1.225,1.275,1.275,1.85,1.625,1.525,1.575,1.825,1.35,1.55,1.75,1.75,1.75,1.775
2.75,0.725,0.25,2.25,1.95,1.675,1.75,1.65,2.025,2.5,2,1.925,2.6,2.625,2.775,2.9,2.55,2.7,2.65,2.425,2.75,2.625,2.725,2.95,3.05,2.475,2.5,2.475,2.525,2.475,2.45,2.5,2.575,2.425,2.425,2.35,2.45,2.425,2.475,2.65,2.825,2.45,2.5,2.5,3.25,2.975,2.325,2.25,2.25,2.375,2.35,2.3,3.05,2.575,2.075,2.625,2.375,2.45,2.275,3.075,3.325,3.3,3.425,2.25,3.725,3.5,3.925,4.5,5.225,5.025,4.975,6.675,5.475,0.775,0.7,0.475,0.65,0.8,0.8,0.8,0.85,0,0.4,0.875,0.325,0.25,0.55,0.525,0.55,0.6,0.55,0.525,0.55,0.525,1.175,0.675,1.775,1.875,1.775,1.15,1.05,0.95,1.7,1.1,1.475,1.6,1.375,1.4,1.875,2.025,2.025,1.95,1.925,2.5,2.3,2.2,2.3,2.55,2.15,2.225,2.475,2.475,2.425,2.425
2.375,1.125,0.675,1.875,1.55,1.275,1.35,1.25,1.625,2.1,1.6,1.525,2.225,2.25,2.4,2.5,2.175,2.3,2.275,2.025,2.375,2.225,2.325,2.55,2.675,2.075,2.125,2.1,2.125,2.1,2.075,2.1,2.175,2.025,2.025,1.975,2.075,2.025,2.075,2.275,2.425,2.05,2.125,2.1,2.85,2.6,1.925,1.85,1.85,1.975,1.95,1.9,2.65,2.175,1.575,2,2,2.05,1.875,2.675,2.925,2.925,3.025,2.65,4.125,3.9,3.55,4.1,4.825,4.625,4.6,6.3,5.875,0.8,0.675,0.925,0.5,0.375,0.825,0.85,0.9,0.4,0,1.3,0.65,0.775,0.55,0.525,0.575,0.625,0.45,0.55,0.575,0.525,0.775,0.25,1.125,1.225,1.125,1.15,1.05,0.925,1.675,1.075,1.475,1.575,1.375,1.425,1.875,2.05,2.05,1.925,1.925,2.5,2.275,2.175,2.275,2.525,2.175,2.2,2.45,2.45,2.4,2.425
3.275,1.15,0.75,2.775,2.475,2.2,2.275,2.175,2.55,3.025,2.5,2.45,3.125,3.15,3.3,3.425,3.075,3.225,3.175,2.95,3.275,3.15,3.25,3.475,3.575,3,3.025,3,3.05,3,2.975,3.025,3.1,2.95,2.925,2.875,2.975,2.95,3,3.175,3.35,2.975,3.025,3.025,3.775,3.5,2.85,2.775,2.775,2.9,2.875,2.825,3.575,3.1,2.45,3,2.9,2.975,2.8,3.6,3.85,3.825,3.925,2.65,4.125,3.9,4.45,5,5.75,5.525,5.5,7.2,5.9,0.625,1.075,0.4,1.025,1.175,0.825,0.825,0.725,0.875,1.3,0,0.65,0.625,0.925,0.875,0.7,0.95,0.925,0.9,0.9,0.9,2,1.425,2.125,2.225,2.125,1.525,1.25,1.325,1.45,1.45,1.475,1.6,1.45,1.225,1.775,1.675,1.675,1.725,1.725,2.3,2.075,1.975,2.025,2.3,1.8,1.975,2.2,2.2,2.2,2.225
2.875,0.95,0.475,2.375,2.075,1.8,1.875,1.775,2.15,2.625,2.1,2.05,2.725,2.75,2.9,3.025,2.675,2.825,2.775,2.55,2.875,2.75,2.85,3.075,3.175,2.6,2.625,2.6,2.65,2.6,2.575,2.625,2.7,2.55,2.525,2.475,2.575,2.55,2.6,2.775,2.95,2.575,2.625,2.625,3.375,3.1,2.45,2.375,2.375,2.5,2.475,2.425,3.175,2.7,1.825,2.375,2.5,2.575,2.4,3.2,3.45,3.425,3.525,2.45,3.925,3.7,4.05,4.6,5.35,5.125,5.1,6.8,5.7,0.5,0.425,0.25,0.375,0.525,0.525,0.525,0.6,0.325,0.65,0.65,0,0.125,0.275,0.225,0.275,0.3,0.275,0.25,0.25,0.25,1.35,0.775,1.475,1.575,1.475,0.875,0.775,0.675,1.425,0.825,1.2,1.3,1.1,1.1,1.6,1.75,1.725,1.65,1.65,2.225,2,1.925,2,2.275,1.85,1.925,2.175,2.2,2.15,2.15
2.875,0.85,0.375,2.375,2.075,1.8,1.875,1.775,2.15,2.625,2.125,2.05,2.725,2.75,2.925,3.025,2.675,2.825,2.775,2.55,2.875,2.75,2.85,3.075,3.175,2.6,2.625,2.625,2.65,2.6,2.575,2.625,2.7,2.55,2.55,2.475,2.6,2.55,2.6,2.775,2.95,2.575,2.65,2.625,3.375,3.1,2.45,2.375,2.375,2.5,2.475,2.425,3.175,2.7,1.95,2.5,2.525,2.575,2.4,3.2,3.45,3.45,3.55,2.375,3.85,3.625,4.05,4.625,5.35,5.15,5.1,6.825,5.6,0.625,0.55,0.25,0.525,0.65,0.65,0.675,0.725,0.25,0.775,0.625,0.125,0,0.375,0.35,0.375,0.425,0.4,0.375,0.375,0.375,1.475,0.9,1.6,1.7,1.6,1,0.9,0.775,1.525,0.95,1.325,1.425,1.225,1.225,1.725,1.875,1.85,1.775,1.775,2.35,2.125,2.025,2.125,2.4,1.975,2.05,2.3,2.3,2.25,2.275
2.8,1.15,0.7,2.3,1.975,1.725,1.8,1.7,2.05,2.525,2.025,1.95,2.65,2.675,2.825,2.925,2.6,2.75,2.7,2.45,2.8,2.65,2.75,2.975,3.1,2.525,2.55,2.525,2.55,2.525,2.5,2.55,2.6,2.45,2.45,2.4,2.5,2.45,2.525,2.7,2.85,2.475,2.55,2.525,3.275,3.025,2.35,2.275,2.275,2.4,2.375,2.325,3.075,2.6,1.625,2.175,2.425,2.475,2.3,3.1,3.375,3.35,3.45,2.675,4.15,3.925,3.975,4.525,5.275,5.05,5.025,6.725,5.9,0.275,0.225,0.525,0.225,0.375,0.3,0.3,0.375,0.55,0.55,0.925,0.275,0.375,0,0.025,0.05,0.05,0.1,0.025,0.05,0.025,1.25,0.675,1.3,1.4,1.3,0.7,0.575,0.475,1.225,0.625,1,1.1,0.9,0.9,1.4,1.55,1.525,1.45,1.45,2.025,1.8,1.725,1.8,2.075,1.65,1.725,1.975,2,1.95,1.95
2.775,1.125,0.65,2.275,1.95,1.7,1.775,1.675,2.025,2.5,2,1.925,2.625,2.65,2.8,2.9,2.575,2.725,2.675,2.425,2.775,2.625,2.725,2.975,3.075,2.5,2.525,2.5,2.525,2.5,2.475,2.525,2.575,2.425,2.425,2.375,2.475,2.425,2.5,2.675,2.825,2.45,2.525,2.5,3.25,3,2.325,2.25,2.25,2.375,2.35,2.3,3.05,2.575,1.6,2.15,2.4,2.475,2.275,3.075,3.35,3.325,3.425,2.65,4.125,3.9,3.95,4.5,5.25,5.025,5,6.7,5.875,0.25,0.2,0.5,0.2,0.35,0.3,0.3,0.35,0.525,0.525,0.875,0.225,0.35,0.025,0,0.05,0.075,0.075,0.025,0.025,0.025,1.225,0.65,1.275,1.375,1.275,0.675,0.575,0.45,1.2,0.625,1,1.1,0.9,0.875,1.4,1.525,1.5,1.45,1.45,2.025,1.8,1.7,1.8,2.075,1.625,1.725,1.975,1.975,1.925,1.95
2.8,1.15,0.7,2.325,2,1.725,1.8,1.7,2.075,2.55,2.05,1.975,2.675,2.7,2.85,2.95,2.6,2.75,2.725,2.475,2.8,2.675,2.775,3,3.1,2.525,2.55,2.55,2.575,2.525,2.5,2.55,2.625,2.475,2.475,2.4,2.525,2.475,2.525,2.7,2.875,2.5,2.575,2.55,3.3,3.05,2.375,2.3,2.3,2.425,2.4,2.35,3.1,2.625,1.65,2.2,2.45,2.5,2.325,3.125,3.375,3.375,3.475,2.675,4.15,3.925,4,4.55,5.275,5.075,5.025,6.75,5.9,0.25,0.25,0.375,0.25,0.4,0.3,0.3,0.35,0.55,0.575,0.7,0.275,0.375,0.05,0.05,0,0.1,0.125,0.025,0.025,0.05,1.275,0.7,1.325,1.425,1.325,0.725,0.625,0.5,1.3,0.65,1.025,1.15,0.95,0.9,1.45,1.55,1.525,1.5,1.5,2.075,1.85,1.75,1.85,2.1,1.65,1.775,2.025,2.025,1.975,2
2.85,1.2,0.725,2.35,2.05,1.775,1.85,1.75,2.125,2.6,2.075,2.025,2.7,2.725,2.875,3,2.65,2.8,2.75,2.525,2.85,2.7,2.825,3.05,3.15,2.575,2.6,2.575,2.625,2.575,2.55,2.6,2.675,2.525,2.5,2.45,2.55,2.525,2.575,2.75,2.9,2.55,2.6,2.6,3.35,3.075,2.425,2.35,2.35,2.475,2.45,2.4,3.15,2.675,1.675,2.225,2.475,2.55,2.35,3.175,3.425,3.4,3.5,2.725,4.2,3.975,4.025,4.575,5.325,5.1,5.075,6.775,5.95,0.225,0.3,0.575,0.3,0.425,0.25,0.25,0.3,0.6,0.625,0.95,0.3,0.425,0.05,0.075,0.1,0,0.175,0.075,0.075,0.1,1.325,0.725,1.35,1.475,1.35,0.75,0.65,0.55,1.25,0.7,1.075,1.2,0.975,0.85,1.475,1.5,1.475,1.525,1.525,2.1,1.875,1.8,1.875,2.15,1.6,1.8,2.05,2.075,2.025,2.025
2.7,1.15,0.7,2.2,1.875,1.625,1.7,1.6,1.95,2.425,1.925,1.85,2.55,2.575,2.725,2.825,2.5,2.65,2.6,2.35,2.7,2.55,2.65,2.875,3,2.425,2.45,2.425,2.45,2.425,2.4,2.45,2.5,2.35,2.35,2.3,2.4,2.35,2.425,2.6,2.75,2.375,2.45,2.425,3.175,2.925,2.25,2.175,2.175,2.3,2.275,2.225,2.975,2.5,1.625,2.175,2.325,2.375,2.2,3,3.275,3.25,3.35,2.675,4.15,3.925,3.875,4.425,5.175,4.95,4.925,6.625,5.9,0.35,0.225,0.525,0.15,0.3,0.375,0.375,0.425,0.55,0.45,0.925,0.275,0.4,0.1,0.075,0.125,0.175,0,0.125,0.125,0.1,1.2,0.6,1.325,1.425,1.325,0.7,0.6,0.5,1.25,0.65,1.025,1.15,0.925,0.975,1.425,1.625,1.6,1.475,1.475,2.05,1.825,1.75,1.825,2.1,1.725,1.75,2,2.025,1.975,1.975
2.8,1.125,0.675,2.3,1.975,1.7,1.775,1.675,2.05,2.525,2.025,1.95,2.65,2.675,2.825,2.925,2.6,2.725,2.7,2.45,2.8,2.65,2.75,2.975,3.1,2.5,2.55,2.525,2.55,2.525,2.5,2.525,2.6,2.45,2.45,2.4,2.5,2.45,2.5,2.7,2.85,2.475,2.55,2.525,3.275,3.025,2.35,2.275,2.275,2.4,2.375,2.325,3.075,2.6,1.625,2.175,2.425,2.475,2.3,3.1,3.35,3.35,3.45,2.65,4.125,3.9,3.975,4.525,5.25,5.05,5.025,6.725,5.9,0.25,0.225,0.5,0.225,0.375,0.275,0.3,0.35,0.525,0.55,0.9,0.25,0.375,0.025,0.025,0.025,0.075,0.125,0,0,0.025,1.25,0.675,1.3,1.4,1.3,0.7,0.6,0.475,1.225,0.625,1,1.125,0.925,0.875,1.425,1.525,1.5,1.475,1.475,2.05,1.825,1.725,1.825,2.075,1.625,1.75,2,2,1.95,1.975
2.8,1.15,0.7,2.3,2,1.725,1.8,1.7,2.075,2.55,2.025,1.975,2.65,2.675,2.825,2.95,2.6,2.75,2.7,2.475,2.8,2.675,2.775,3,3.1,2.525,2.55,2.525,2.575,2.525,2.5,2.55,2.625,2.475,2.45,2.4,2.5,2.475,2.525,2.7,2.875,2.5,2.55,2.55,3.3,3.025,2.375,2.3,2.3,2.425,2.4,2.35,3.1,2.625,1.625,2.175,2.425,2.5,2.325,3.125,3.375,3.35,3.475,2.675,4.15,3.925,3.975,4.525,5.275,5.05,5.025,6.725,5.9,0.25,0.25,0.525,0.25,0.4,0.3,0.3,0.35,0.55,0.575,0.9,0.25,0.375,0.05,0.025,0.025,0.075,0.125,0,0,0.025,1.25,0.675,1.3,1.4,1.3,0.7,0.6,0.475,1.3,0.65,1.025,1.125,0.925,0.875,1.425,1.525,1.5,1.475,1.475,2.05,1.825,1.725,1.825,2.1,1.625,1.75,2,2,1.95,1.975
2.775,1.125,0.675,2.275,1.95,1.7,1.775,1.675,2.025,2.5,2,1.925,2.625,2.65,2.8,2.9,2.575,2.725,2.675,2.425,2.775,2.625,2.725,2.975,3.075,2.5,2.525,2.5,2.525,2.5,2.475,2.525,2.575,2.425,2.425,2.375,2.475,2.425,2.5,2.675,2.825,2.45,2.525,2.5,3.25,3,2.325,2.25,2.25,2.375,2.35,2.3,3.05,2.575,1.6,2.15,2.4,2.475,2.275,3.075,3.35,3.325,3.425,2.65,4.125,3.9,3.95,4.5,5.25,5.025,5,6.7,5.9,0.275,0.2,0.5,0.2,0.35,0.3,0.3,0.375,0.525,0.525,0.9,0.25,0.375,0.025,0.025,0.05,0.1,0.1,0.025,0.025,0,1.225,0.65,1.275,1.375,1.275,0.675,0.55,0.45,1.2,0.6,0.975,1.1,0.875,0.925,1.375,1.55,1.55,1.45,1.425,2,1.8,1.7,1.8,2.05,1.65,1.725,1.975,1.975,1.925,1.925
2.075,2.125,1.775,1.525,1.2,0.45,1.05,0.9,1.325,1.8,1.275,1.225,1.925,1.925,2.05,2.15,1.825,2,1.925,1.675,2.075,1.925,2.025,2.25,2.375,1.775,1.825,1.8,1.825,1.8,1.775,1.8,1.875,1.725,1.725,1.675,1.775,1.725,1.775,1.975,1.725,1.75,1.825,1.8,2.05,1.9,1.625,1.55,1.55,1.675,1.65,1.6,1.3,1.225,0.725,1.3,0.65,0.725,0.65,2.325,2.575,2.575,2.675,2.55,4.575,4.35,3.2,3.75,4.475,4.275,4.25,5.95,6.7,1.5,1.575,1.6,1.025,0.95,1.525,1.525,1.575,1.175,0.775,2,1.35,1.475,1.25,1.225,1.275,1.325,1.2,1.25,1.25,1.225,0,0.65,1.15,1.25,1.15,1.175,1.75,1.625,2.725,1.775,2.175,2.3,2.25,2.45,2.6,2.75,2.75,2.775,2.775,3.35,3.125,3,3,3.25,2.875,3.05,3.175,3.175,3.25,3.275
2.35,1.65,1.2,1.85,1.525,0.875,1.325,1.225,1.6,2.075,1.575,1.5,2.2,2.225,2.375,2.475,2.15,2.275,2.25,2,2.35,2.2,2.3,2.525,2.625,2.05,2.1,2.075,2.1,2.075,2.025,2.075,2.15,2,2,1.925,2.05,2,2.05,2.225,2.4,2.025,2.1,2.075,2.825,2.575,1.9,1.825,1.825,1.95,1.925,1.875,1.9,2.15,1.225,1.9,1.25,1.325,1.25,2.65,2.9,2.9,3,3.175,4.65,4.425,3.525,4.075,4.8,4.6,4.55,6.275,6.4,0.9,0.55,1.025,0.425,0.35,0.925,0.95,1,0.675,0.25,1.425,0.775,0.9,0.675,0.65,0.7,0.725,0.6,0.675,0.675,0.65,0.65,0,0.9,1,0.9,0.65,1.125,1,1.75,1.15,1.55,1.65,1.45,1.5,1.95,2.125,2.125,2,2,2.575,2.35,2.25,2.35,2.6,2.25,2.275,2.525,2.525,2.475,2.5
3.1,2.375,1.9,2.525,2.2,1.45,2.05,1.9,2.325,2.825,2.275,2.225,2.95,2.925,3.05,3.15,2.825,3.025,2.925,2.675,3.1,2.95,2.925,3.275,3.4,2.675,2.65,2.65,2.675,2.65,2.675,2.5,2.725,2.4,2.725,2.575,2.775,2.725,2.7,2.8,2.525,2.65,2.65,2.675,2.875,2.7,2.65,2.575,2.55,2.575,2.55,2.625,2.05,1.875,0.825,1.425,1.4,1.45,1.6,3.325,3.575,3.575,3.675,3.55,5.375,5.125,4.2,4.75,5.475,5.275,5.25,6.95,7.125,1.5,1.1,1.725,1.2,0.875,1.3,1.3,1.4,1.775,1.125,2.125,1.475,1.6,1.3,1.275,1.325,1.35,1.325,1.3,1.3,1.275,1.15,0.9,0,0.125,0.175,0.6,1.4,0.975,1.7,1.45,1.175,1.3,1.25,1.45,1.575,2.5,2.475,1.775,1.775,2.325,2.125,2,2,2.25,2.2,2.05,2.175,2.175,2.25,2.275
3.025,2.475,2.025,2.625,2.3,1.575,2.175,2.025,2.425,2.75,2.375,2.325,2.875,2.9,3.15,3.25,2.925,2.95,3.025,2.775,3.025,2.875,2.85,3.2,3.3,2.575,2.575,2.55,2.6,2.575,2.6,2.425,2.65,2.325,2.675,2.5,2.725,2.675,2.625,2.725,2.45,2.575,2.575,2.6,2.775,2.625,2.575,2.5,2.475,2.5,2.475,2.55,1.95,1.8,0.75,1.35,1.325,1.375,1.525,3.425,3.7,3.675,3.775,3.65,5.475,5.25,4.3,4.85,5.6,5.375,5.35,7.05,7.225,1.6,1.2,1.85,1.3,0.975,1.4,1.4,1.5,1.875,1.225,2.225,1.575,1.7,1.4,1.375,1.425,1.475,1.425,1.4,1.4,1.375,1.25,1,0.125,0,0.15,0.7,1.5,1.075,1.8,1.55,1.275,1.4,1.35,1.55,1.675,2.6,2.575,1.875,1.875,2.45,2.225,2.1,2.1,2.35,2.3,2.15,2.275,2.275,2.35,2.375
3.075,2.375,1.9,2.525,2.2,1.45,2.05,1.9,2.325,2.8,2.275,2.225,2.925,2.925,3.05,3.15,2.825,3,2.925,2.675,3.075,2.925,2.95,3.25,3.375,2.675,2.675,2.65,2.7,2.8,2.775,2.525,2.75,2.425,2.725,2.675,2.775,2.725,2.775,2.825,2.55,2.75,2.675,2.7,2.875,2.725,2.625,2.55,2.55,2.6,2.575,2.6,2.05,1.9,0.85,1.45,1.425,1.475,1.625,3.325,3.575,3.575,3.675,3.55,5.375,5.15,4.2,4.75,5.475,5.275,5.25,6.95,7.125,1.525,1.1,1.75,1.2,0.975,1.425,1.425,1.55,1.775,1.125,2.125,1.475,1.6,1.3,1.275,1.325,1.35,1.325,1.3,1.3,1.275,1.15,0.9,0.175,0.15,0,0.725,1.5,1.075,1.8,1.55,1.275,1.4,1.35,1.55,1.675,2.6,2.575,1.85,1.85,2.425,2.225,2.075,2.075,2.35,2.3,2.15,2.25,2.275,2.35,2.35
3.1,1.775,1.3,2.55,2.225,1.5,2.1,1.95,2.35,2.825,2.3,2.25,2.95,2.95,3.075,3.175,2.85,3.05,2.95,2.7,3.1,2.95,3.05,3.3,3.4,2.825,2.85,2.825,2.85,2.825,2.8,2.85,2.9,2.75,2.75,2.7,2.8,2.75,2.825,3,2.675,2.775,2.85,2.825,3.025,2.85,2.65,2.575,2.575,2.7,2.675,2.625,2.25,2.175,1.05,1.6,1.6,1.675,1.6,3.35,3.625,3.6,3.7,3.275,4.75,4.525,4.225,4.775,5.525,5.3,5.275,6.975,6.525,0.925,0.5,1.125,0.575,0.45,0.75,0.75,0.875,1.15,1.15,1.525,0.875,1,0.7,0.675,0.725,0.75,0.7,0.7,0.7,0.675,1.175,0.65,0.6,0.7,0.725,0,1.075,0.5,1.7,1.1,1.475,1.6,1.4,1.45,1.9,2.15,2.15,1.95,1.95,2.525,2.3,2.2,2.3,2.55,2.25,2.225,2.475,2.475,2.425,2.45
3.275,1.675,1.2,2.775,2.475,2.2,2.275,2.175,2.55,3.025,2.5,2.45,3.125,3.15,3.3,3.425,3.075,3.225,3.175,2.95,3.275,3.125,3.25,3.475,3.575,3,3.025,3,3.05,3,2.975,3.025,3.075,2.95,2.925,2.875,2.975,2.95,3,3.175,3.325,2.975,3.025,3.025,3.775,3.5,2.85,2.75,2.775,2.9,2.875,2.8,3.4,3.1,2.2,2.8,2.775,2.8,2.55,3.6,3.85,3.825,3.925,3.175,4.675,4.425,4.45,5,5.75,5.525,5.5,7.2,6.425,0.425,0.6,1.025,0.725,0.85,0.25,0.275,0.4,1.05,1.05,1.25,0.775,0.9,0.575,0.575,0.625,0.65,0.6,0.6,0.6,0.55,1.75,1.125,1.4,1.5,1.5,1.075,0,0.275,0.875,0.225,0.6,0.725,0.475,0.4,1,1.125,1.1,1.075,1.05,1.625,1.425,1.325,1.375,1.625,1.225,1.35,1.525,1.55,1.55,1.55
3.175,1.55,1.1,2.675,2.35,2.075,2.15,2.05,2.425,2.9,2.4,2.325,3.025,3.05,3.2,3.3,2.975,3.1,3.075,2.825,3.175,3.025,3.125,3.35,3.45,2.875,2.925,2.9,2.925,2.9,2.875,2.9,2.975,2.825,2.825,2.75,2.875,2.825,2.875,3.05,3.225,2.85,2.925,2.9,3.65,3.4,2.725,2.65,2.65,2.775,2.75,2.7,2.975,2.975,1.775,2.375,2.35,2.375,2.55,3.475,3.725,3.725,3.825,3.075,4.55,4.325,4.35,4.9,5.625,5.425,5.375,7.1,6.3,0.55,0.5,0.925,0.6,0.75,0.35,0.35,0.45,0.95,0.925,1.325,0.675,0.775,0.475,0.45,0.5,0.55,0.5,0.475,0.475,0.45,1.625,1,0.975,1.075,1.075,0.5,0.275,0,1.1,0.3,0.675,0.8,0.575,0.675,1.075,1.375,1.375,1.35,1.35,1.9,1.7,1.5,1.5,1.75,1.5,1.625,1.675,1.675,1.825,1.85
3.925,2.3,1.85,3.425,3.1,2.825,2.9,2.8,3.175,3.65,3.15,3.075,3.775,3.8,3.95,4.05,3.725,3.85,3.825,3.575,3.925,3.775,3.875,4.1,4.2,3.625,3.675,3.65,3.675,3.65,3.625,3.65,3.725,3.575,3.575,3.525,3.625,3.575,3.625,3.8,3.975,3.6,3.675,3.65,4.4,4.15,3.475,3.4,3.4,3.525,3.5,3.45,3.7,3.55,2.5,3.1,3.075,3.1,3.275,4.225,4.475,4.475,4.575,3.825,5.3,5.075,5.1,5.65,6.375,6.175,6.15,7.85,7.05,1.15,1.25,1.65,1.35,1.5,1.075,1.1,1,1.7,1.675,1.45,1.425,1.525,1.225,1.2,1.3,1.25,1.25,1.225,1.3,1.2,2.725,1.75,1.7,1.8,1.8,1.7,0.875,1.1,0,0.75,0.325,0.325,0.425,0.425,0.275,0.7,0.7,0.35,0.35,0.925,0.7,0.6,0.65,0.925,0.8,0.625,0.825,0.825,0.825,0.85
3.325,1.7,1.25,2.825,2.5,2.25,2.325,2.225,2.575,3.05,2.55,2.475,3.175,3.2,3.35,3.45,3.125,3.275,3.225,2.975,3.325,3.175,3.275,3.5,3.625,3.05,3.075,3.05,3.075,3.05,3.025,3.075,3.125,2.975,2.975,2.925,3.025,2.975,3.05,3.225,3.375,3,3.075,3.05,3.8,3.55,2.875,2.8,2.8,2.925,2.9,2.85,3.45,3.125,2.225,2.825,2.8,2.85,2.6,3.625,3.9,3.875,3.975,3.225,4.7,4.475,4.5,5.05,5.8,5.575,5.55,7.25,6.45,0.625,0.65,1.075,0.75,0.9,0.4,0.4,0.525,1.1,1.075,1.45,0.825,0.95,0.625,0.625,0.65,0.7,0.65,0.625,0.65,0.6,1.775,1.15,1.45,1.55,1.55,1.1,0.225,0.3,0.75,0,0.375,0.5,0.275,0.55,0.775,1.375,1.375,0.975,0.975,1.55,1.325,1.2,1.2,1.45,1.5,1.25,1.375,1.375,1.45,1.475
3.7,2.1,1.625,3.2,2.9,2.5,2.7,2.6,2.95,3.425,2.925,2.85,3.55,3.575,3.725,3.825,3.5,3.65,3.6,3.35,3.7,3.55,3.675,3.9,4,3.425,3.45,3.425,3.45,3.425,3.4,3.45,3.5,3.375,3.35,3.3,3.4,3.375,3.425,3.6,3.65,3.375,3.45,3.425,4,3.825,3.25,3.175,3.2,3.3,3.3,3.225,3.175,3.025,1.975,2.575,2.55,2.575,2.75,4,4.275,4.25,4.35,3.6,5.075,4.85,4.875,5.425,6.175,5.95,5.925,7.625,6.85,1,1.025,1.45,1.125,1.275,0.775,0.775,0.9,1.475,1.475,1.475,1.2,1.325,1,1,1.025,1.075,1.025,1,1.025,0.975,2.175,1.55,1.175,1.275,1.275,1.475,0.6,0.675,0.325,0.375,0,0.175,0.1,0.275,0.45,0.95,0.95,0.625,0.625,1.2,1,0.85,0.85,1.125,1.075,0.925,1.025,1.05,1.125,1.125
3.825,2.2,1.75,3.325,3,2.625,2.8,2.7,3.075,3.55,3.05,2.975,3.675,3.7,3.85,3.95,3.625,3.75,3.725,3.475,3.825,3.675,3.775,4,4.1,3.525,3.575,3.55,3.575,3.55,3.5,3.55,3.625,3.475,3.475,3.4,3.525,3.475,3.525,3.7,3.775,3.5,3.575,3.55,4.125,3.95,3.375,3.3,3.3,3.425,3.4,3.35,3.275,3.125,2.075,2.675,2.65,2.7,2.85,4.125,4.375,4.375,4.475,3.725,5.2,4.975,5,5.55,6.275,6.075,6.025,7.75,6.95,1.125,1.15,1.575,1.25,1.4,0.9,0.9,1.025,1.6,1.575,1.6,1.3,1.425,1.1,1.1,1.15,1.2,1.15,1.125,1.125,1.1,2.3,1.65,1.3,1.4,1.4,1.6,0.725,0.8,0.325,0.5,0.175,0,0.225,0.325,0.35,0.925,1.15,0.55,0.55,1.125,0.9,0.775,0.775,1.025,0.975,0.825,0.95,0.95,1.025,1.05
3.6,2,1.525,3.1,2.8,2.575,2.6,2.5,2.875,3.35,2.825,2.775,3.45,3.475,3.625,3.75,3.4,3.55,3.5,3.275,3.6,3.45,3.575,3.8,3.9,3.325,3.35,3.325,3.375,3.325,3.3,3.35,3.4,3.275,3.25,3.2,3.3,3.275,3.325,3.5,3.65,3.3,3.35,3.35,4.1,3.825,3.175,3.075,3.1,3.225,3.2,3.125,3.25,3.075,2.025,2.625,2.625,2.65,2.8,3.925,4.175,4.15,4.25,3.5,5,4.75,4.775,5.325,6.075,5.85,5.825,7.525,6.75,0.875,0.925,1.35,1.05,1.175,0.65,0.65,0.775,1.375,1.375,1.45,1.1,1.225,0.9,0.9,0.95,0.975,0.925,0.925,0.925,0.875,2.25,1.45,1.25,1.35,1.35,1.4,0.475,0.575,0.425,0.275,0.1,0.225,0,0.35,0.525,1.05,1.025,0.675,0.675,1.25,1.025,0.95,0.95,1.2,1.1,0.95,1.125,1.125,1.15,1.175
3.65,2,1.525,3.15,2.85,2.575,2.65,2.55,2.925,3.4,2.875,2.825,3.5,3.525,3.675,3.8,3.45,3.6,3.55,3.325,3.65,3.525,3.625,3.85,3.95,3.375,3.4,3.375,3.425,3.375,3.35,3.4,3.475,3.325,3.3,3.25,3.35,3.325,3.375,3.55,3.725,3.35,3.4,3.4,4.15,3.875,3.225,3.15,3.15,3.275,3.25,3.2,3.45,3.3,2.25,2.85,2.825,2.85,3.025,3.975,4.225,4.2,4.3,3.525,5,4.775,4.825,5.375,6.125,5.9,5.875,7.575,6.75,0.75,0.975,1.375,1.1,1.25,0.675,0.7,0.6,1.4,1.425,1.225,1.1,1.225,0.9,0.875,0.9,0.85,0.975,0.875,0.875,0.925,2.45,1.5,1.45,1.55,1.55,1.45,0.4,0.675,0.425,0.55,0.275,0.325,0.35,0,0.6,0.875,0.85,0.7,0.7,1.25,1.05,0.95,0.975,1.225,0.975,0.975,1.15,1.15,1.175,1.2
4.1,2.5,2.025,3.6,3.3,2.9,3.1,3,3.375,3.85,3.325,3.275,3.95,3.975,4.125,4.25,3.9,4.05,4,3.775,4.1,3.95,4.075,4.3,4.4,3.825,3.85,3.825,3.875,3.825,3.8,3.85,3.9,3.775,3.75,3.7,3.8,3.775,3.825,4,4.075,3.8,3.85,3.85,4.4,4.225,3.675,3.575,3.6,3.725,3.7,3.625,3.575,3.425,2.375,2.975,2.95,2.975,3.15,4.425,4.675,4.65,4.75,4,5.5,5.25,5.275,5.825,6.575,6.35,6.325,8.025,7.25,1.45,1.425,1.85,1.55,1.675,1.2,1.175,1.3,1.875,1.875,1.775,1.6,1.725,1.4,1.4,1.45,1.475,1.425,1.425,1.425,1.375,2.6,1.95,1.575,1.675,1.675,1.9,1,1.075,0.275,0.775,0.45,0.35,0.525,0.6,0,0.75,1,0.375,0.225,0.8,0.65,0.475,0.475,0.725,0.825,0.65,0.65,0.65,0.775,0.8
4.3,2.65,2.175,3.8,3.475,3.225,3.3,3.2,3.55,4.025,3.525,3.45,4.15,4.175,4.325,4.425,4.1,4.25,4.2,3.95,4.3,4.15,4.25,4.475,4.6,4.025,4.05,4.025,4.05,4.025,4,4.05,4.1,3.95,3.95,3.9,4,3.95,4.025,4.2,4.35,3.975,4.05,4.025,4.775,4.525,3.85,3.775,3.775,3.9,3.875,3.825,4.475,4.1,3.275,3.875,3.85,3.9,3.8,4.6,4.875,4.85,4.95,4.15,5.625,5.4,5.475,6.025,6.775,6.55,6.525,8.225,7.4,1.4,1.7,1.875,1.725,1.875,1.3,1.325,1.225,2.025,2.05,1.675,1.75,1.875,1.55,1.525,1.55,1.5,1.625,1.525,1.525,1.55,2.75,2.125,2.5,2.6,2.6,2.15,1.125,1.375,0.7,1.375,0.95,0.925,1.05,0.875,0.75,0,0.075,0.525,0.55,0.925,0.45,0.5,0.575,0.825,0.175,0.375,0.75,0.75,0.55,0.55
4.275,2.625,2.15,3.775,3.475,3.2,3.275,3.175,3.55,4.025,3.5,3.45,4.125,4.15,4.3,4.425,4.075,4.225,4.175,3.95,4.275,4.125,4.25,4.475,4.575,4,4.025,4,4.05,4,3.975,4.025,4.1,3.95,3.925,3.875,3.975,3.95,4,4.175,4.35,3.975,4.025,4.025,4.775,4.5,3.85,3.775,3.775,3.9,3.875,3.825,4.475,4.1,3.275,3.875,3.85,3.875,3.8,4.6,4.85,4.825,4.925,4.15,5.625,5.4,5.45,6,6.75,6.525,6.5,8.2,7.375,1.375,1.675,1.875,1.725,1.875,1.3,1.3,1.225,2.025,2.05,1.675,1.725,1.85,1.525,1.5,1.525,1.475,1.6,1.5,1.5,1.55,2.75,2.125,2.475,2.575,2.575,2.15,1.1,1.375,0.7,1.375,0.95,1.15,1.025,0.85,1,0.075,0,0.575,0.65,0.925,0.45,0.475,0.575,0.825,0.175,0.375,0.725,0.75,0.525,0.55
4.15,2.55,2.075,3.65,3.35,3.1,3.15,3.05,3.425,3.9,3.4,3.325,4,4.025,4.175,4.3,3.95,4.1,4.05,3.825,4.15,4.025,4.125,4.35,4.45,3.875,3.9,3.9,3.925,3.875,3.85,3.9,3.975,3.825,3.825,3.75,3.85,3.825,3.875,4.05,4.225,3.85,3.925,3.9,4.575,4.375,3.725,3.65,3.65,3.775,3.75,3.7,3.75,3.6,2.55,3.15,3.125,3.175,3.325,4.475,4.725,4.7,4.825,4.075,5.55,5.325,5.325,5.9,6.625,6.425,6.375,8.075,7.3,1.425,1.5,1.925,1.6,1.75,1.25,1.25,1.275,1.95,1.925,1.725,1.65,1.775,1.45,1.45,1.5,1.525,1.475,1.475,1.475,1.45,2.775,2,1.775,1.875,1.85,1.95,1.075,1.35,0.35,0.975,0.625,0.55,0.675,0.7,0.375,0.525,0.575,0,0.3,0.575,0.35,0.25,0.325,0.575,0.45,0.275,0.45,0.5,0.475,0.5
4.15,2.55,2.075,3.65,3.35,3.1,3.15,3.05,3.425,3.9,3.375,3.325,4,4.025,4.175,4.3,3.95,4.1,4.05,3.825,4.15,4,4.125,4.35,4.45,3.875,3.9,3.875,3.925,3.875,3.85,3.9,3.975,3.825,3.8,3.75,3.85,3.825,3.875,4.05,4.225,3.85,3.9,3.9,4.575,4.375,3.725,3.65,3.65,3.775,3.75,3.7,3.75,3.6,2.55,3.15,3.125,3.175,3.325,4.475,4.725,4.7,4.8,4.075,5.55,5.3,5.325,5.875,6.625,6.4,6.375,8.075,7.3,1.425,1.475,1.9,1.6,1.75,1.25,1.25,1.275,1.925,1.925,1.725,1.65,1.775,1.45,1.45,1.5,1.525,1.475,1.475,1.475,1.425,2.775,2,1.775,1.875,1.85,1.95,1.05,1.35,0.35,0.975,0.625,0.55,0.675,0.7,0.225,0.55,0.65,0.3,0,0.65,0.425,0.35,0.35,0.625,0.525,0.35,0.525,0.55,0.575,0.575
4.725,3.125,2.65,4.225,3.925,3.65,3.725,3.625,4,4.475,3.95,3.9,4.575,4.6,4.75,4.875,4.525,4.675,4.625,4.4,4.725,4.575,4.7,4.925,5.025,4.45,4.475,4.45,4.5,4.45,4.425,4.475,4.525,4.4,4.375,4.325,4.425,4.4,4.45,4.625,4.775,4.425,4.475,4.475,5.15,4.95,4.3,4.2,4.225,4.35,4.325,4.25,4.325,4.175,3.125,3.725,3.7,3.75,3.9,5.05,5.3,5.275,5.375,4.625,6.125,5.875,5.9,6.45,7.2,6.975,6.95,8.65,7.875,2,2.05,2.475,2.175,2.3,1.825,1.8,1.85,2.5,2.5,2.3,2.225,2.35,2.025,2.025,2.075,2.1,2.05,2.05,2.05,2,3.35,2.575,2.325,2.45,2.425,2.525,1.625,1.9,0.925,1.55,1.2,1.125,1.25,1.25,0.8,0.925,0.925,0.575,0.65,0,0.35,0.4,0.45,0.15,0.6,0.5,0.175,0.175,0.225,0.25
4.5,2.9,2.425,4.025,3.7,3.45,3.5,3.4,3.775,4.25,3.75,3.675,4.35,4.375,4.55,4.65,4.3,4.45,4.425,4.175,4.5,4.375,4.475,4.7,4.8,4.225,4.25,4.25,4.275,4.225,4.2,4.25,4.325,4.175,4.175,4.1,4.225,4.175,4.225,4.4,4.575,4.2,4.275,4.25,4.95,4.725,4.075,4,4,4.125,4.1,4.05,4.1,3.95,2.9,3.5,3.475,3.525,3.675,4.825,5.075,5.075,5.175,4.425,5.9,5.675,5.7,6.25,6.975,6.775,6.725,8.45,7.65,1.775,1.85,2.275,1.95,2.1,1.6,1.6,1.625,2.3,2.275,2.075,2,2.125,1.8,1.8,1.85,1.875,1.825,1.825,1.825,1.8,3.125,2.35,2.125,2.225,2.225,2.3,1.425,1.7,0.7,1.325,1,0.9,1.025,1.05,0.65,0.45,0.45,0.35,0.425,0.35,0,0.2,0.225,0.5,0.275,0.15,0.25,0.4,0.2,0.225
4.425,2.8,2.35,3.925,3.6,3.325,3.4,3.3,3.675,4.15,3.65,3.575,4.275,4.3,4.45,4.55,4.225,4.35,4.325,4.075,4.425,4.275,4.375,4.6,4.7,4.125,4.175,4.15,4.175,4.15,4.125,4.15,4.225,4.075,4.075,4,4.125,4.075,4.125,4.3,4.475,4.1,4.175,4.15,4.8,4.65,3.975,3.9,3.9,4.025,4,3.95,3.975,3.825,2.775,3.375,3.35,3.4,3.55,4.725,4.975,4.975,5.075,4.325,5.8,5.575,5.6,6.15,6.875,6.675,6.625,8.35,7.55,1.675,1.75,2.175,1.85,2,1.5,1.5,1.525,2.2,2.175,1.975,1.925,2.025,1.725,1.7,1.75,1.8,1.75,1.725,1.725,1.7,3,2.25,2,2.1,2.075,2.2,1.325,1.5,0.6,1.2,0.85,0.775,0.95,0.95,0.475,0.5,0.475,0.25,0.35,0.4,0.2,0,0.1,0.35,0.35,0.175,0.275,0.275,0.325,0.325
4.5,2.9,2.425,4.025,3.7,3.325,3.5,3.4,3.775,4.25,3.75,3.675,4.35,4.375,4.55,4.65,4.3,4.45,4.425,4.175,4.5,4.375,4.475,4.7,4.8,4.225,4.25,4.25,4.275,4.225,4.2,4.25,4.325,4.175,4.175,4.1,4.225,4.175,4.225,4.4,4.475,4.2,4.275,4.25,4.8,4.65,4.075,4,4,4.125,4.1,4.05,3.975,3.825,2.775,3.375,3.35,3.4,3.55,4.825,5.075,5.075,5.175,4.425,5.9,5.675,5.7,6.25,6.975,6.775,6.725,8.45,7.65,1.725,1.85,2.275,1.95,2.1,1.55,1.55,1.575,2.3,2.275,2.025,2,2.125,1.8,1.8,1.85,1.875,1.825,1.825,1.825,1.8,3,2.35,2,2.1,2.075,2.3,1.375,1.5,0.65,1.2,0.85,0.775,0.95,0.975,0.475,0.575,0.575,0.325,0.35,0.45,0.225,0.1,0,0.325,0.4,0.225,0.25,0.25,0.375,0.375
4.775,3.15,2.7,4.275,3.95,3.575,3.775,3.675,4.025,4.5,4,3.925,4.625,4.65,4.8,4.9,4.575,4.725,4.675,4.425,4.775,4.625,4.725,4.975,5.075,4.5,4.525,4.5,4.525,4.5,4.475,4.525,4.575,4.425,4.425,4.375,4.475,4.425,4.5,4.675,4.725,4.45,4.525,4.5,5.075,4.9,4.325,4.25,4.25,4.375,4.35,4.3,4.25,4.075,3.025,3.625,3.625,3.65,3.8,5.075,5.35,5.325,5.425,4.675,6.15,5.925,5.95,6.5,7.25,7.025,7,8.7,7.925,1.975,2.1,2.525,2.2,2.35,1.8,1.8,1.825,2.55,2.525,2.3,2.275,2.4,2.075,2.075,2.1,2.15,2.1,2.075,2.1,2.05,3.25,2.6,2.25,2.35,2.35,2.55,1.625,1.75,0.925,1.45,1.125,1.025,1.2,1.225,0.725,0.825,0.825,0.575,0.625,0.15,0.5,0.35,0.325,0,0.65,0.475,0.075,0.075,0.225,0.25
4.4,2.75,2.275,3.9,3.6,3.325,3.4,3.3,3.675,4.15,3.625,3.575,4.25,4.275,4.425,4.55,4.2,4.35,4.3,4.075,4.4,4.25,4.375,4.6,4.7,4.125,4.15,4.125,4.175,4.125,4.1,4.15,4.225,4.075,4.05,4,4.1,4.075,4.125,4.3,4.45,4.1,4.15,4.15,4.9,4.625,3.975,3.9,3.9,4.025,4,3.95,4.2,4.225,3,3.6,3.575,3.6,3.9,4.725,4.975,4.95,5.05,4.275,5.75,5.525,5.575,6.125,6.875,6.65,6.625,8.325,7.5,1.5,1.8,1.975,1.85,1.975,1.425,1.425,1.35,2.15,2.175,1.8,1.85,1.975,1.65,1.625,1.65,1.6,1.725,1.625,1.625,1.65,2.875,2.25,2.2,2.3,2.3,2.25,1.225,1.5,0.8,1.5,1.075,0.975,1.1,0.975,0.825,0.175,0.175,0.45,0.525,0.6,0.275,0.35,0.4,0.65,0,0.225,0.575,0.6,0.375,0.375
4.425,2.825,2.35,3.925,3.625,3.375,3.425,3.325,3.7,4.175,3.675,3.6,4.275,4.3,4.475,4.575,4.225,4.375,4.325,4.1,4.425,4.3,4.4,4.625,4.725,4.15,4.175,4.175,4.2,4.15,4.125,4.175,4.25,4.1,4.1,4.025,4.15,4.1,4.15,4.325,4.5,4.125,4.2,4.175,4.85,4.65,4,3.925,3.925,4.05,4.025,3.975,4.025,3.875,2.825,3.425,3.4,3.45,3.6,4.75,5,5,5.1,4.35,5.825,5.6,5.6,6.175,6.9,6.7,6.65,8.35,7.575,1.7,1.775,2.2,1.875,2.025,1.525,1.525,1.55,2.225,2.2,1.975,1.925,2.05,1.725,1.725,1.775,1.8,1.75,1.75,1.75,1.725,3.05,2.275,2.05,2.15,2.15,2.225,1.35,1.625,0.625,1.25,0.925,0.825,0.95,0.975,0.65,0.375,0.375,0.275,0.35,0.5,0.15,0.175,0.225,0.475,0.225,0,0.4,0.425,0.4,0.425
4.675,3.075,2.6,4.175,3.875,3.475,3.675,3.575,3.95,4.425,3.925,3.85,4.525,4.55,4.7,4.825,4.475,4.625,4.575,4.35,4.675,4.55,4.65,4.875,4.975,4.4,4.425,4.425,4.45,4.4,4.375,4.425,4.5,4.35,4.35,4.275,4.375,4.35,4.4,4.575,4.65,4.375,4.425,4.425,4.975,4.825,4.25,4.175,4.175,4.3,4.275,4.225,4.15,4,2.95,3.55,3.525,3.575,3.725,5,5.25,5.225,5.35,4.6,6.075,5.85,5.85,6.425,7.15,6.95,6.9,8.6,7.825,1.9,2.025,2.45,2.125,2.275,1.725,1.725,1.75,2.475,2.45,2.2,2.175,2.3,1.975,1.975,2.025,2.05,2,2,2,1.975,3.175,2.525,2.175,2.275,2.25,2.475,1.525,1.675,0.825,1.375,1.025,0.95,1.125,1.15,0.65,0.75,0.725,0.45,0.525,0.175,0.25,0.275,0.25,0.075,0.575,0.4,0,0.025,0.175,0.175
4.7,3.075,2.625,4.2,3.875,3.5,3.675,3.575,3.95,4.425,3.925,3.85,4.55,4.575,4.725,4.825,4.5,4.625,4.6,4.35,4.7,4.55,4.65,4.875,4.975,4.4,4.45,4.425,4.45,4.425,4.4,4.425,4.5,4.35,4.35,4.3,4.4,4.35,4.4,4.575,4.65,4.375,4.45,4.425,5,4.825,4.25,4.175,4.175,4.3,4.275,4.225,4.175,4,2.95,3.55,3.525,3.575,3.725,5,5.25,5.25,5.35,4.6,6.075,5.85,5.875,6.425,7.15,6.95,6.925,8.625,7.825,1.9,2.025,2.45,2.125,2.275,1.725,1.725,1.75,2.475,2.45,2.2,2.2,2.3,2,1.975,2.025,2.075,2.025,2,2,1.975,3.175,2.525,2.175,2.275,2.275,2.475,1.55,1.675,0.825,1.375,1.05,0.95,1.125,1.15,0.65,0.75,0.75,0.5,0.55,0.175,0.4,0.275,0.25,0.075,0.6,0.425,0.025,0,0.2,0.2
4.65,3.025,2.575,4.15,3.825,3.575,3.625,3.525,3.9,4.375,3.875,3.8,4.5,4.525,4.675,4.775,4.45,4.575,4.55,4.3,4.65,4.5,4.6,4.825,4.925,4.35,4.4,4.375,4.4,4.375,4.35,4.375,4.45,4.3,4.3,4.225,4.35,4.3,4.35,4.525,4.7,4.325,4.4,4.375,5.075,4.875,4.2,4.125,4.125,4.25,4.225,4.175,4.25,4.075,3.025,3.625,3.6,3.65,3.8,4.95,5.2,5.2,5.3,4.55,6.025,5.8,5.825,6.375,7.1,6.9,6.85,8.575,7.775,1.9,1.975,2.4,2.075,2.225,1.725,1.725,1.75,2.425,2.4,2.2,2.15,2.25,1.95,1.925,1.975,2.025,1.975,1.95,1.95,1.925,3.25,2.475,2.25,2.35,2.35,2.425,1.55,1.825,0.825,1.45,1.125,1.025,1.15,1.175,0.775,0.55,0.525,0.475,0.575,0.225,0.2,0.325,0.375,0.225,0.375,0.4,0.175,0.2,0,0.05
4.65,3.05,2.575,4.15,3.85,3.575,3.65,3.55,3.925,4.4,3.875,3.825,4.5,4.525,4.675,4.8,4.45,4.6,4.55,4.325,4.65,4.5,4.625,4.85,4.95,4.375,4.4,4.375,4.425,4.375,4.35,4.4,4.475,4.325,4.3,4.25,4.35,4.325,4.375,4.55,4.7,4.35,4.4,4.4,5.075,4.875,4.225,4.15,4.15,4.275,4.25,4.2,4.25,4.1,3.05,3.65,3.625,3.675,3.825,4.975,5.225,5.2,5.3,4.575,6.05,5.8,5.825,6.375,7.125,6.9,6.875,8.575,7.8,1.925,1.975,2.4,2.1,2.225,1.75,1.75,1.775,2.425,2.425,2.225,2.15,2.275,1.95,1.95,2,2.025,1.975,1.975,1.975,1.925,3.275,2.5,2.275,2.375,2.35,2.45,1.55,1.85,0.85,1.475,1.125,1.05,1.175,1.2,0.8,0.55,0.55,0.5,0.575,0.25,0.225,0.325,0.375,0.25,0.375,0.425,0.175,0.2,0.05,0
